path,label,label_name,source,group,duration,split
data/raw/real/yt_0000_p2_part_167.flac,0,real,youtube,yt_0000,5.236984126984127,train
data/raw/real/yt_0000_part_001.flac,0,real,youtube,yt_0000,4.641995464852608,train
data/raw/real/yt_0000_part_002.flac,0,real,youtube,yt_0000,5.79,train
data/raw/real/yt_0000_part_003.flac,0,real,youtube,yt_0000,3.7209977324263037,train
data/raw/real/yt_0000_part_004.flac,0,real,youtube,yt_0000,4.447006802721089,train
data/raw/real/yt_0000_part_005.flac,0,real,youtube,yt_0000,9.442993197278911,train
data/raw/real/yt_0000_part_008.flac,0,real,youtube,yt_0000,6.533015873015873,train
data/raw/real/yt_0000_part_010.flac,0,real,youtube,yt_0000,2.8060090702947846,train
data/raw/real/yt_0000_part_011.flac,0,real,youtube,yt_0000,3.33,train
data/raw/real/yt_0000_part_013.flac,0,real,youtube,yt_0000,4.092993197278911,train
data/raw/real/yt_0000_part_014.flac,0,real,youtube,yt_0000,10.311995464852608,train
data/raw/real/yt_0000_part_015.flac,0,real,youtube,yt_0000,2.804988662131519,train
data/raw/real/yt_0000_part_017.flac,0,real,youtube,yt_0000,3.74,train
data/raw/real/yt_0000_part_019.flac,0,real,youtube,yt_0000,2.8060090702947846,train
data/raw/real/yt_0000_part_020.flac,0,real,youtube,yt_0000,4.980997732426304,train
data/raw/real/yt_0000_part_021.flac,0,real,youtube,yt_0000,5.545986394557823,train
data/raw/real/yt_0000_part_022.flac,0,real,youtube,yt_0000,5.609002267573696,train
data/raw/real/yt_0000_part_024.flac,0,real,youtube,yt_0000,3.9250113378684808,train
data/raw/real/yt_0000_part_025.flac,0,real,youtube,yt_0000,3.949002267573696,train
data/raw/real/yt_0000_part_026.flac,0,real,youtube,yt_0000,3.0419954648526075,train
data/raw/real/yt_0000_part_027.flac,0,real,youtube,yt_0000,4.61498866213152,train
data/raw/real/yt_0000_part_028.flac,0,real,youtube,yt_0000,7.290997732426304,train
data/raw/real/yt_0000_part_029.flac,0,real,youtube,yt_0000,5.74498866213152,train
data/raw/real/yt_0000_part_030.flac,0,real,youtube,yt_0000,9.410997732426305,train
data/raw/real/yt_0000_part_031.flac,0,real,youtube,yt_0000,6.754988662131519,train
data/raw/real/yt_0000_part_033.flac,0,real,youtube,yt_0000,3.044013605442177,train
data/raw/real/yt_0000_part_034.flac,0,real,youtube,yt_0000,6.3139909297052155,train
data/raw/real/yt_0000_part_035.flac,0,real,youtube,yt_0000,3.282018140589569,train
data/raw/real/yt_0000_part_037.flac,0,real,youtube,yt_0000,3.5270068027210884,train
data/raw/real/yt_0000_part_038.flac,0,real,youtube,yt_0000,2.855986394557823,train
data/raw/real/yt_0000_part_039.flac,0,real,youtube,yt_0000,2.9070068027210882,train
data/raw/real/yt_0000_part_042.flac,0,real,youtube,yt_0000,5.952018140589569,train
data/raw/real/yt_0000_part_045.flac,0,real,youtube,yt_0000,3.4539909297052156,train
data/raw/real/yt_0000_part_046.flac,0,real,youtube,yt_0000,4.382993197278911,train
data/raw/real/yt_0000_part_048.flac,0,real,youtube,yt_0000,3.2850113378684807,train
data/raw/real/yt_0000_part_050.flac,0,real,youtube,yt_0000,4.890997732426304,train
data/raw/real/yt_0000_part_051.flac,0,real,youtube,yt_0000,3.3249886621315192,train
data/raw/real/yt_0000_part_052.flac,0,real,youtube,yt_0000,3.0970068027210886,train
data/raw/real/yt_0000_part_053.flac,0,real,youtube,yt_0000,6.137006802721088,train
data/raw/real/yt_0000_part_055.flac,0,real,youtube,yt_0000,3.0870068027210884,train
data/raw/real/yt_0000_part_056.flac,0,real,youtube,yt_0000,6.430997732426304,train
data/raw/real/yt_0000_part_059.flac,0,real,youtube,yt_0000,5.051995464852608,train
data/raw/real/yt_0000_part_060.flac,0,real,youtube,yt_0000,3.3719954648526076,train
data/raw/real/yt_0000_part_061.flac,0,real,youtube,yt_0000,6.433015873015873,train
data/raw/real/yt_0000_part_062.flac,0,real,youtube,yt_0000,3.156984126984127,train
data/raw/real/yt_0000_part_063.flac,0,real,youtube,yt_0000,4.742993197278912,train
data/raw/real/yt_0000_part_064.flac,0,real,youtube,yt_0000,4.221995464852608,train
data/raw/real/yt_0000_part_065.flac,0,real,youtube,yt_0000,4.148004535147392,train
data/raw/real/yt_0000_part_068.flac,0,real,youtube,yt_0000,3.9170068027210885,train
data/raw/real/yt_0000_part_069.flac,0,real,youtube,yt_0000,4.34,train
data/raw/real/yt_0000_part_070.flac,0,real,youtube,yt_0000,3.9319954648526076,train
data/raw/real/yt_0000_part_073.flac,0,real,youtube,yt_0000,3.954988662131519,train
data/raw/real/yt_0000_part_075.flac,0,real,youtube,yt_0000,3.5570068027210886,train
data/raw/real/yt_0000_part_076.flac,0,real,youtube,yt_0000,2.981995464852608,train
data/raw/real/yt_0000_part_077.flac,0,real,youtube,yt_0000,3.691995464852608,train
data/raw/real/yt_0000_part_079.flac,0,real,youtube,yt_0000,5.382993197278911,train
data/raw/real/yt_0000_part_080.flac,0,real,youtube,yt_0000,3.5090022675736963,train
data/raw/real/yt_0000_part_082.flac,0,real,youtube,yt_0000,4.516984126984127,train
data/raw/real/yt_0000_part_084.flac,0,real,youtube,yt_0000,3.144988662131519,train
data/raw/real/yt_0000_part_085.flac,0,real,youtube,yt_0000,11.18498866213152,train
data/raw/real/yt_0000_part_087.flac,0,real,youtube,yt_0000,2.631995464852608,train
data/raw/real/yt_0000_part_088.flac,0,real,youtube,yt_0000,2.734013605442177,train
data/raw/real/yt_0000_part_090.flac,0,real,youtube,yt_0000,3.977981859410431,train
data/raw/real/yt_0000_part_091.flac,0,real,youtube,yt_0000,2.7919954648526075,train
data/raw/real/yt_0000_part_092.flac,0,real,youtube,yt_0000,2.7739909297052154,train
data/raw/real/yt_0000_part_093.flac,0,real,youtube,yt_0000,3.976984126984127,train
data/raw/real/yt_0000_part_094.flac,0,real,youtube,yt_0000,2.7439909297052156,train
data/raw/real/yt_0000_part_098.flac,0,real,youtube,yt_0000,2.74,train
data/raw/real/yt_0000_part_099.flac,0,real,youtube,yt_0000,4.047006802721088,train
data/raw/real/yt_0000_part_100.flac,0,real,youtube,yt_0000,3.0570068027210886,train
data/raw/real/yt_0000_part_101.flac,0,real,youtube,yt_0000,2.546984126984127,train
data/raw/real/yt_0000_part_104.flac,0,real,youtube,yt_0000,3.513990929705215,train
data/raw/real/yt_0000_part_105.flac,0,real,youtube,yt_0000,4.95,train
data/raw/real/yt_0000_part_106.flac,0,real,youtube,yt_0000,2.71,train
data/raw/real/yt_0000_part_108.flac,0,real,youtube,yt_0000,3.0849886621315195,train
data/raw/real/yt_0000_part_114.flac,0,real,youtube,yt_0000,5.46501133786848,train
data/raw/real/yt_0000_part_115.flac,0,real,youtube,yt_0000,2.796984126984127,train
data/raw/real/yt_0000_part_116.flac,0,real,youtube,yt_0000,3.1460090702947845,train
data/raw/real/yt_0000_part_118.flac,0,real,youtube,yt_0000,4.113015873015873,train
data/raw/real/yt_0000_part_119.flac,0,real,youtube,yt_0000,5.008004535147392,train
data/raw/real/yt_0000_part_120.flac,0,real,youtube,yt_0000,4.45498866213152,train
data/raw/real/yt_0000_part_121.flac,0,real,youtube,yt_0000,3.372018140589569,train
data/raw/real/yt_0000_part_122.flac,0,real,youtube,yt_0000,3.2339909297052154,train
data/raw/real/yt_0000_part_125.flac,0,real,youtube,yt_0000,6.459002267573696,train
data/raw/real/yt_0000_part_126.flac,0,real,youtube,yt_0000,12.131995464852608,train
data/raw/real/yt_0000_part_127.flac,0,real,youtube,yt_0000,5.594013605442177,train
data/raw/real/yt_0000_part_130.flac,0,real,youtube,yt_0000,3.1370068027210882,train
data/raw/real/yt_0000_part_137.flac,0,real,youtube,yt_0000,4.690997732426304,train
data/raw/real/yt_0000_part_140.flac,0,real,youtube,yt_0000,7.344013605442177,train
data/raw/real/yt_0000_part_142.flac,0,real,youtube,yt_0000,3.9309977324263037,train
data/raw/real/yt_0000_part_145.flac,0,real,youtube,yt_0000,2.6670068027210885,train
data/raw/real/yt_0000_part_146.flac,0,real,youtube,yt_0000,2.9270068027210883,train
data/raw/real/yt_0000_part_148.flac,0,real,youtube,yt_0000,2.710997732426304,train
data/raw/real/yt_0000_part_149.flac,0,real,youtube,yt_0000,5.859002267573696,train
data/raw/real/yt_0000_part_150.flac,0,real,youtube,yt_0000,3.8160090702947844,train
data/raw/real/yt_0000_part_151.flac,0,real,youtube,yt_0000,6.95,train
data/raw/real/yt_0000_part_152.flac,0,real,youtube,yt_0000,5.3119954648526075,train
data/raw/real/yt_0000_part_153.flac,0,real,youtube,yt_0000,3.58,train
data/raw/real/yt_0000_part_158.flac,0,real,youtube,yt_0000,3.8519954648526076,train
data/raw/real/yt_0000_part_159.flac,0,real,youtube,yt_0000,3.6880045351473925,train
data/raw/real/yt_0000_part_161.flac,0,real,youtube,yt_0000,11.783990929705215,train
data/raw/real/yt_0000_part_162.flac,0,real,youtube,yt_0000,9.1,train
data/raw/real/yt_0000_part_163.flac,0,real,youtube,yt_0000,3.3050113378684807,train
data/raw/real/yt_0000_part_164.flac,0,real,youtube,yt_0000,4.379002267573696,train
data/raw/real/yt_0001_part_001.flac,0,real,youtube,yt_0001,5.002018140589569,val
data/raw/real/yt_0001_part_003.flac,0,real,youtube,yt_0001,5.969002267573696,val
data/raw/real/yt_0001_part_005.flac,0,real,youtube,yt_0001,3.3580045351473924,val
data/raw/real/yt_0001_part_006.flac,0,real,youtube,yt_0001,3.5270068027210884,val
data/raw/real/yt_0001_part_008.flac,0,real,youtube,yt_0001,2.840997732426304,val
data/raw/real/yt_0001_part_010.flac,0,real,youtube,yt_0001,2.920997732426304,val
data/raw/real/yt_0001_part_011.flac,0,real,youtube,yt_0001,4.155986394557823,val
data/raw/real/yt_0001_part_012.flac,0,real,youtube,yt_0001,7.566984126984127,val
data/raw/real/yt_0001_part_013.flac,0,real,youtube,yt_0001,2.56,val
data/raw/real/yt_0001_part_014.flac,0,real,youtube,yt_0001,3.122018140589569,val
data/raw/real/yt_0001_part_016.flac,0,real,youtube,yt_0001,7.238979591836735,val
data/raw/real/yt_0001_part_017.flac,0,real,youtube,yt_0001,9.174013605442177,val
data/raw/real/yt_0001_part_019.flac,0,real,youtube,yt_0001,4.975011337868481,val
data/raw/real/yt_0001_part_021.flac,0,real,youtube,yt_0001,3.7580045351473923,val
data/raw/real/yt_0001_part_023.flac,0,real,youtube,yt_0001,2.7529931972789115,val
data/raw/real/yt_0001_part_024.flac,0,real,youtube,yt_0001,4.238979591836735,val
data/raw/real/yt_0001_part_025.flac,0,real,youtube,yt_0001,6.221995464852608,val
data/raw/real/yt_0001_part_026.flac,0,real,youtube,yt_0001,4.7319954648526075,val
data/raw/real/yt_0002_part_003.flac,0,real,youtube,yt_0002,8.529002267573697,test
data/raw/real/yt_0002_part_004.flac,0,real,youtube,yt_0002,3.435986394557823,test
data/raw/real/yt_0002_part_006.flac,0,real,youtube,yt_0002,4.160997732426304,test
data/raw/real/yt_0002_part_008.flac,0,real,youtube,yt_0002,2.563015873015873,test
data/raw/real/yt_0002_part_009.flac,0,real,youtube,yt_0002,3.5460090702947844,test
data/raw/real/yt_0002_part_012.flac,0,real,youtube,yt_0002,2.870997732426304,test
data/raw/real/yt_0002_part_014.flac,0,real,youtube,yt_0002,2.6129931972789118,test
data/raw/real/yt_0002_part_015.flac,0,real,youtube,yt_0002,5.822993197278912,test
data/raw/real/yt_0002_part_016.flac,0,real,youtube,yt_0002,4.446009070294784,test
data/raw/real/yt_0002_part_017.flac,0,real,youtube,yt_0002,3.1760090702947847,test
data/raw/real/yt_0002_part_019.flac,0,real,youtube,yt_0002,3.7580045351473923,test
data/raw/real/yt_0002_part_021.flac,0,real,youtube,yt_0002,3.8129931972789115,test
data/raw/real/yt_0002_part_026.flac,0,real,youtube,yt_0002,3.809002267573696,test
data/raw/real/yt_0002_part_027.flac,0,real,youtube,yt_0002,3.007981859410431,test
data/raw/real/yt_0002_part_028.flac,0,real,youtube,yt_0002,3.236984126984127,test
data/raw/real/yt_0003_part_001.flac,0,real,youtube,yt_0003,4.93,train
data/raw/real/yt_0003_part_002.flac,0,real,youtube,yt_0003,2.7650113378684806,train
data/raw/real/yt_0003_part_003.flac,0,real,youtube,yt_0003,2.749002267573696,train
data/raw/real/yt_0003_part_004.flac,0,real,youtube,yt_0003,3.11,train
data/raw/real/yt_0003_part_006.flac,0,real,youtube,yt_0003,2.618004535147392,train
data/raw/real/yt_0003_part_008.flac,0,real,youtube,yt_0003,3.001995464852608,train
data/raw/real/yt_0003_part_009.flac,0,real,youtube,yt_0003,3.5570068027210886,train
data/raw/real/yt_0003_part_010.flac,0,real,youtube,yt_0003,3.2660090702947846,train
data/raw/real/yt_0003_part_011.flac,0,real,youtube,yt_0003,2.7570068027210883,train
data/raw/real/yt_0003_part_012.flac,0,real,youtube,yt_0003,6.330997732426304,train
data/raw/real/yt_0003_part_013.flac,0,real,youtube,yt_0003,3.8510204081632655,train
data/raw/real/yt_0003_part_014.flac,0,real,youtube,yt_0003,2.9639909297052154,train
data/raw/real/yt_0003_part_017.flac,0,real,youtube,yt_0003,4.024988662131519,train
data/raw/real/yt_0003_part_019.flac,0,real,youtube,yt_0003,2.7819954648526077,train
data/raw/real/yt_0003_part_022.flac,0,real,youtube,yt_0003,4.984988662131519,train
data/raw/real/yt_0004_part_001.flac,0,real,youtube,yt_0004,7.556984126984127,train
data/raw/real/yt_0004_part_003.flac,0,real,youtube,yt_0004,5.948004535147392,train
data/raw/real/yt_0004_part_005.flac,0,real,youtube,yt_0004,2.7089795918367345,train
data/raw/real/yt_0004_part_007.flac,0,real,youtube,yt_0004,5.291995464852608,train
data/raw/real/yt_0004_part_008.flac,0,real,youtube,yt_0004,4.911995464852608,train
data/raw/real/yt_0004_part_012.flac,0,real,youtube,yt_0004,3.659002267573696,train
data/raw/real/yt_0004_part_013.flac,0,real,youtube,yt_0004,2.61,train
data/raw/real/yt_0004_part_015.flac,0,real,youtube,yt_0004,6.964988662131519,train
data/raw/real/yt_0004_part_018.flac,0,real,youtube,yt_0004,6.21,train
data/raw/real/yt_0004_part_021.flac,0,real,youtube,yt_0004,2.8249886621315192,train
data/raw/real/yt_0004_part_022.flac,0,real,youtube,yt_0004,2.9470068027210883,train
data/raw/real/yt_0004_part_023.flac,0,real,youtube,yt_0004,3.0519954648526078,train
data/raw/real/yt_0004_part_025.flac,0,real,youtube,yt_0004,3.268004535147392,train
data/raw/real/yt_0004_part_026.flac,0,real,youtube,yt_0004,2.91,train
data/raw/real/yt_0004_part_027.flac,0,real,youtube,yt_0004,5.368004535147392,train
data/raw/real/yt_0004_part_028.flac,0,real,youtube,yt_0004,2.808004535147392,train
data/raw/real/yt_0004_part_029.flac,0,real,youtube,yt_0004,2.854013605442177,train
data/raw/real/yt_0004_part_031.flac,0,real,youtube,yt_0004,8.004013605442177,train
data/raw/real/yt_0004_part_033.flac,0,real,youtube,yt_0004,4.922993197278911,train
data/raw/real/yt_0004_part_035.flac,0,real,youtube,yt_0004,6.888004535147393,train
data/raw/real/yt_0004_part_037.flac,0,real,youtube,yt_0004,4.511995464852608,train
data/raw/real/yt_0004_part_038.flac,0,real,youtube,yt_0004,3.1129931972789118,train
data/raw/real/yt_0004_part_039.flac,0,real,youtube,yt_0004,5.533015873015873,train
data/raw/real/yt_0004_part_040.flac,0,real,youtube,yt_0004,8.890997732426303,train
data/raw/real/yt_0004_part_042.flac,0,real,youtube,yt_0004,3.0340136054421767,train
data/raw/real/yt_0004_part_043.flac,0,real,youtube,yt_0004,2.9460090702947848,train
data/raw/real/yt_0004_part_044.flac,0,real,youtube,yt_0004,7.07,train
data/raw/real/yt_0005_part_001.flac,0,real,youtube,yt_0005,4.237981859410431,test
data/raw/real/yt_0005_part_002.flac,0,real,youtube,yt_0005,5.398004535147392,test
data/raw/real/yt_0005_part_003.flac,0,real,youtube,yt_0005,3.5310204081632652,test
data/raw/real/yt_0005_part_004.flac,0,real,youtube,yt_0005,6.321995464852607,test
data/raw/real/yt_0005_part_005.flac,0,real,youtube,yt_0005,4.28,test
data/raw/real/yt_0005_part_007.flac,0,real,youtube,yt_0005,2.8580045351473924,test
data/raw/real/yt_0005_part_009.flac,0,real,youtube,yt_0005,2.848004535147392,test
data/raw/real/yt_0005_part_011.flac,0,real,youtube,yt_0005,3.1360090702947847,test
data/raw/real/yt_0005_part_012.flac,0,real,youtube,yt_0005,2.7870068027210886,test
data/raw/real/yt_0005_part_013.flac,0,real,youtube,yt_0005,3.514988662131519,test
data/raw/real/yt_0005_part_014.flac,0,real,youtube,yt_0005,3.6260090702947845,test
data/raw/real/yt_0005_part_015.flac,0,real,youtube,yt_0005,3.611995464852608,test
data/raw/real/yt_0005_part_016.flac,0,real,youtube,yt_0005,2.8839909297052153,test
data/raw/real/yt_0005_part_017.flac,0,real,youtube,yt_0005,5.402018140589569,test
data/raw/real/yt_0005_part_019.flac,0,real,youtube,yt_0005,4.047006802721088,test
data/raw/real/yt_0005_part_020.flac,0,real,youtube,yt_0005,2.650997732426304,test
data/raw/real/yt_0005_part_024.flac,0,real,youtube,yt_0005,4.143015873015873,test
data/raw/real/yt_0005_part_025.flac,0,real,youtube,yt_0005,3.750997732426304,test
data/raw/real/yt_0005_part_026.flac,0,real,youtube,yt_0005,2.8909977324263036,test
data/raw/real/yt_0006_p2_part_007.flac,0,real,youtube,yt_0006,6.82498866213152,train
data/raw/real/yt_0006_p2_part_010.flac,0,real,youtube,yt_0006,6.826009070294784,train
data/raw/real/yt_0006_p2_part_011.flac,0,real,youtube,yt_0006,6.82498866213152,train
data/raw/real/yt_0006_p2_part_013.flac,0,real,youtube,yt_0006,6.825986394557823,train
data/raw/real/yt_0006_p2_part_017.flac,0,real,youtube,yt_0006,7.1039909297052155,train
data/raw/real/yt_0006_p2_part_018.flac,0,real,youtube,yt_0006,7.105011337868481,train
data/raw/real/yt_0006_p2_part_021.flac,0,real,youtube,yt_0006,7.1039909297052155,train
data/raw/real/yt_0006_p2_part_023.flac,0,real,youtube,yt_0006,7.104988662131519,train
data/raw/real/yt_0006_p2_part_024.flac,0,real,youtube,yt_0006,7.1040136054421765,train
data/raw/real/yt_0006_p2_part_025.flac,0,real,youtube,yt_0006,7.104988662131519,train
data/raw/real/yt_0006_p2_part_026.flac,0,real,youtube,yt_0006,7.105011337868481,train
data/raw/real/yt_0006_p2_part_027.flac,0,real,youtube,yt_0006,7.104988662131519,train
data/raw/real/yt_0006_p2_part_028.flac,0,real,youtube,yt_0006,7.1040136054421765,train
data/raw/real/yt_0006_p2_part_030.flac,0,real,youtube,yt_0006,7.105011337868481,train
data/raw/real/yt_0006_p2_part_031.flac,0,real,youtube,yt_0006,7.104988662131519,train
data/raw/real/yt_0006_p2_part_033.flac,0,real,youtube,yt_0006,6.8,train
data/raw/real/yt_0006_p2_part_034.flac,0,real,youtube,yt_0006,6.94,train
data/raw/real/yt_0006_p2_part_035.flac,0,real,youtube,yt_0006,6.940997732426304,train
data/raw/real/yt_0006_p2_part_036.flac,0,real,youtube,yt_0006,6.940997732426304,train
data/raw/real/yt_0006_p2_part_037.flac,0,real,youtube,yt_0006,6.940997732426304,train
data/raw/real/yt_0006_p2_part_039.flac,0,real,youtube,yt_0006,6.940997732426304,train
data/raw/real/yt_0006_p2_part_040.flac,0,real,youtube,yt_0006,6.940997732426304,train
data/raw/real/yt_0006_p2_part_041.flac,0,real,youtube,yt_0006,6.940997732426304,train
data/raw/real/yt_0006_p2_part_042.flac,0,real,youtube,yt_0006,6.940997732426304,train
data/raw/real/yt_0006_p2_part_043.flac,0,real,youtube,yt_0006,6.940997732426304,train
data/raw/real/yt_0006_p2_part_045.flac,0,real,youtube,yt_0006,6.29,train
data/raw/real/yt_0006_p2_part_046.flac,0,real,youtube,yt_0006,6.290997732426304,train
data/raw/real/yt_0006_p2_part_048.flac,0,real,youtube,yt_0006,6.290997732426304,train
data/raw/real/yt_0006_p2_part_050.flac,0,real,youtube,yt_0006,6.588979591836734,train
data/raw/real/yt_0006_p2_part_051.flac,0,real,youtube,yt_0006,6.589002267573696,train
data/raw/real/yt_0006_p2_part_052.flac,0,real,youtube,yt_0006,6.589002267573696,train
data/raw/real/yt_0006_part_001.flac,0,real,youtube,yt_0006,9.518979591836734,train
data/raw/real/yt_0006_part_002.flac,0,real,youtube,yt_0006,8.429002267573695,train
data/raw/real/yt_0006_part_003.flac,0,real,youtube,yt_0006,2.9529931972789116,train
data/raw/real/yt_0006_part_004.flac,0,real,youtube,yt_0006,5.013990929705216,train
data/raw/real/yt_0006_part_006.flac,0,real,youtube,yt_0006,6.82498866213152,train
data/raw/real/yt_0006_part_007.flac,0,real,youtube,yt_0006,6.825011337868481,train
data/raw/real/yt_0006_part_008.flac,0,real,youtube,yt_0006,6.82498866213152,train
data/raw/real/yt_0006_part_009.flac,0,real,youtube,yt_0006,6.825011337868481,train
data/raw/real/yt_0006_part_011.flac,0,real,youtube,yt_0006,6.825011337868481,train
data/raw/real/yt_0006_part_012.flac,0,real,youtube,yt_0006,6.825986394557823,train
data/raw/real/yt_0006_part_013.flac,0,real,youtube,yt_0006,7.1039909297052155,train
data/raw/real/yt_0006_part_014.flac,0,real,youtube,yt_0006,7.104988662131519,train
data/raw/real/yt_0006_part_015.flac,0,real,youtube,yt_0006,7.105011337868481,train
data/raw/real/yt_0006_part_016.flac,0,real,youtube,yt_0006,7.1039909297052155,train
data/raw/real/yt_0006_part_017.flac,0,real,youtube,yt_0006,7.105011337868481,train
data/raw/real/yt_0006_part_020.flac,0,real,youtube,yt_0006,7.104988662131519,train
data/raw/real/yt_0006_part_021.flac,0,real,youtube,yt_0006,7.105011337868481,train
data/raw/real/yt_0006_part_024.flac,0,real,youtube,yt_0006,7.104988662131519,train
data/raw/real/yt_0006_part_026.flac,0,real,youtube,yt_0006,7.104988662131519,train
data/raw/real/yt_0006_part_027.flac,0,real,youtube,yt_0006,7.105011337868481,train
data/raw/real/yt_0006_part_028.flac,0,real,youtube,yt_0006,7.1039909297052155,train
data/raw/real/yt_0006_part_029.flac,0,real,youtube,yt_0006,7.104988662131519,train
data/raw/real/yt_0006_part_030.flac,0,real,youtube,yt_0006,7.105011337868481,train
data/raw/real/yt_0006_part_031.flac,0,real,youtube,yt_0006,6.794988662131519,train
data/raw/real/yt_0006_part_032.flac,0,real,youtube,yt_0006,6.79501133786848,train
data/raw/real/yt_0006_part_034.flac,0,real,youtube,yt_0006,6.939002267573696,train
data/raw/real/yt_0006_part_035.flac,0,real,youtube,yt_0006,6.94,train
data/raw/real/yt_0006_part_036.flac,0,real,youtube,yt_0006,6.939002267573696,train
data/raw/real/yt_0006_part_040.flac,0,real,youtube,yt_0006,6.939002267573696,train
data/raw/real/yt_0006_part_042.flac,0,real,youtube,yt_0006,6.939002267573696,train
data/raw/real/yt_0006_part_043.flac,0,real,youtube,yt_0006,6.94,train
data/raw/real/yt_0006_part_044.flac,0,real,youtube,yt_0006,6.287981859410431,train
data/raw/real/yt_0006_part_045.flac,0,real,youtube,yt_0006,6.2890022675736965,train
data/raw/real/yt_0006_part_047.flac,0,real,youtube,yt_0006,6.2890022675736965,train
data/raw/real/yt_0006_part_049.flac,0,real,youtube,yt_0006,6.588979591836734,train
data/raw/real/yt_0006_part_050.flac,0,real,youtube,yt_0006,6.589002267573696,train
data/raw/real/yt_0006_part_051.flac,0,real,youtube,yt_0006,6.589002267573696,train
data/raw/real/yt_0007_p2_part_028.flac,0,real,youtube,yt_0007,6.8979818594104305,val
data/raw/real/yt_0007_p2_part_029.flac,0,real,youtube,yt_0007,6.898004535147392,val
data/raw/real/yt_0007_p2_part_031.flac,0,real,youtube,yt_0007,6.9570068027210885,val
data/raw/real/yt_0007_p2_part_032.flac,0,real,youtube,yt_0007,6.487981859410431,val
data/raw/real/yt_0007_p2_part_033.flac,0,real,youtube,yt_0007,6.489002267573696,val
data/raw/real/yt_0007_p2_part_034.flac,0,real,youtube,yt_0007,6.488004535147392,val
data/raw/real/yt_0007_part_005.flac,0,real,youtube,yt_0007,2.679002267573696,val
data/raw/real/yt_0007_part_010.flac,0,real,youtube,yt_0007,3.0260090702947844,val
data/raw/real/yt_0007_part_012.flac,0,real,youtube,yt_0007,3.05,val
data/raw/real/yt_0007_part_013.flac,0,real,youtube,yt_0007,8.161995464852607,val
data/raw/real/yt_0007_part_014.flac,0,real,youtube,yt_0007,6.3750113378684805,val
data/raw/real/yt_0007_part_015.flac,0,real,youtube,yt_0007,5.040997732426304,val
data/raw/real/yt_0007_part_017.flac,0,real,youtube,yt_0007,7.8520181405895695,val
data/raw/real/yt_0007_part_019.flac,0,real,youtube,yt_0007,4.921995464852608,val
data/raw/real/yt_0007_part_023.flac,0,real,youtube,yt_0007,2.7990022675736963,val
data/raw/real/yt_0007_part_025.flac,0,real,youtube,yt_0007,4.388004535147393,val
data/raw/real/yt_0007_part_029.flac,0,real,youtube,yt_0007,6.629002267573696,val
data/raw/real/yt_0007_part_030.flac,0,real,youtube,yt_0007,6.629002267573696,val
data/raw/real/yt_0007_part_032.flac,0,real,youtube,yt_0007,6.598979591836735,val
data/raw/real/yt_0007_part_033.flac,0,real,youtube,yt_0007,6.6,val
data/raw/real/yt_0008_p2_part_258.flac,0,real,youtube,yt_0008,6.595986394557823,train
data/raw/real/yt_0008_p2_part_259.flac,0,real,youtube,yt_0008,6.596009070294785,train
data/raw/real/yt_0008_p2_part_260.flac,0,real,youtube,yt_0008,5.508979591836734,train
data/raw/real/yt_0008_p2_part_265.flac,0,real,youtube,yt_0008,5.072993197278912,train
data/raw/real/yt_0008_part_002.flac,0,real,youtube,yt_0008,2.63,train
data/raw/real/yt_0008_part_003.flac,0,real,youtube,yt_0008,4.439002267573696,train
data/raw/real/yt_0008_part_004.flac,0,real,youtube,yt_0008,4.36498866213152,train
data/raw/real/yt_0008_part_007.flac,0,real,youtube,yt_0008,3.6770068027210883,train
data/raw/real/yt_0008_part_008.flac,0,real,youtube,yt_0008,3.211995464852608,train
data/raw/real/yt_0008_part_009.flac,0,real,youtube,yt_0008,2.5249886621315194,train
data/raw/real/yt_0008_part_010.flac,0,real,youtube,yt_0008,3.1710204081632654,train
data/raw/real/yt_0008_part_012.flac,0,real,youtube,yt_0008,3.861995464852608,train
data/raw/real/yt_0008_part_013.flac,0,real,youtube,yt_0008,3.8110204081632655,train
data/raw/real/yt_0008_part_015.flac,0,real,youtube,yt_0008,7.0790022675736965,train
data/raw/real/yt_0008_part_019.flac,0,real,youtube,yt_0008,2.924013605442177,train
data/raw/real/yt_0008_part_021.flac,0,real,youtube,yt_0008,8.260997732426304,train
data/raw/real/yt_0008_part_022.flac,0,real,youtube,yt_0008,7.027006802721089,train
data/raw/real/yt_0008_part_024.flac,0,real,youtube,yt_0008,9.371020408163265,train
data/raw/real/yt_0008_part_025.flac,0,real,youtube,yt_0008,5.13,train
data/raw/real/yt_0008_part_028.flac,0,real,youtube,yt_0008,4.969002267573696,train
data/raw/real/yt_0008_part_029.flac,0,real,youtube,yt_0008,3.3060090702947846,train
data/raw/real/yt_0008_part_032.flac,0,real,youtube,yt_0008,3.5540136054421767,train
data/raw/real/yt_0008_part_033.flac,0,real,youtube,yt_0008,7.296984126984127,train
data/raw/real/yt_0008_part_040.flac,0,real,youtube,yt_0008,3.9870068027210883,train
data/raw/real/yt_0008_part_042.flac,0,real,youtube,yt_0008,3.3580045351473924,train
data/raw/real/yt_0008_part_043.flac,0,real,youtube,yt_0008,3.2380045351473923,train
data/raw/real/yt_0008_part_045.flac,0,real,youtube,yt_0008,3.1929931972789114,train
data/raw/real/yt_0008_part_047.flac,0,real,youtube,yt_0008,3.312018140589569,train
data/raw/real/yt_0008_part_048.flac,0,real,youtube,yt_0008,5.735011337868481,train
data/raw/real/yt_0008_part_049.flac,0,real,youtube,yt_0008,6.943990929705215,train
data/raw/real/yt_0008_part_050.flac,0,real,youtube,yt_0008,5.637006802721088,train
data/raw/real/yt_0008_part_052.flac,0,real,youtube,yt_0008,3.4070068027210882,train
data/raw/real/yt_0008_part_053.flac,0,real,youtube,yt_0008,6.3579818594104305,train
data/raw/real/yt_0008_part_054.flac,0,real,youtube,yt_0008,2.9350113378684806,train
data/raw/real/yt_0008_part_055.flac,0,real,youtube,yt_0008,2.8909977324263036,train
data/raw/real/yt_0008_part_056.flac,0,real,youtube,yt_0008,10.097006802721088,train
data/raw/real/yt_0008_part_057.flac,0,real,youtube,yt_0008,7.96501133786848,train
data/raw/real/yt_0008_part_058.flac,0,real,youtube,yt_0008,6.353015873015873,train
data/raw/real/yt_0008_part_059.flac,0,real,youtube,yt_0008,3.356984126984127,train
data/raw/real/yt_0008_part_061.flac,0,real,youtube,yt_0008,3.098004535147392,train
data/raw/real/yt_0008_part_062.flac,0,real,youtube,yt_0008,4.151995464852607,train
data/raw/real/yt_0008_part_065.flac,0,real,youtube,yt_0008,8.995011337868482,train
data/raw/real/yt_0008_part_067.flac,0,real,youtube,yt_0008,2.5119954648526077,train
data/raw/real/yt_0008_part_074.flac,0,real,youtube,yt_0008,3.4890022675736962,train
data/raw/real/yt_0008_part_075.flac,0,real,youtube,yt_0008,6.316009070294784,train
data/raw/real/yt_0008_part_077.flac,0,real,youtube,yt_0008,6.374013605442177,train
data/raw/real/yt_0008_part_079.flac,0,real,youtube,yt_0008,7.037981859410431,train
data/raw/real/yt_0008_part_080.flac,0,real,youtube,yt_0008,3.419002267573696,train
data/raw/real/yt_0008_part_081.flac,0,real,youtube,yt_0008,5.260997732426304,train
data/raw/real/yt_0008_part_083.flac,0,real,youtube,yt_0008,10.169002267573696,train
data/raw/real/yt_0008_part_084.flac,0,real,youtube,yt_0008,3.545011337868481,train
data/raw/real/yt_0008_part_085.flac,0,real,youtube,yt_0008,4.511995464852608,train
data/raw/real/yt_0008_part_086.flac,0,real,youtube,yt_0008,2.6429931972789116,train
data/raw/real/yt_0008_part_088.flac,0,real,youtube,yt_0008,2.6839909297052156,train
data/raw/real/yt_0008_part_089.flac,0,real,youtube,yt_0008,5.847006802721088,train
data/raw/real/yt_0008_part_090.flac,0,real,youtube,yt_0008,7.932993197278911,train
data/raw/real/yt_0008_part_092.flac,0,real,youtube,yt_0008,3.75,train
data/raw/real/yt_0008_part_094.flac,0,real,youtube,yt_0008,2.6809977324263037,train
data/raw/real/yt_0008_part_095.flac,0,real,youtube,yt_0008,4.8349886621315195,train
data/raw/real/yt_0008_part_097.flac,0,real,youtube,yt_0008,3.8859863945578232,train
data/raw/real/yt_0008_part_098.flac,0,real,youtube,yt_0008,5.360997732426304,train
data/raw/real/yt_0008_part_103.flac,0,real,youtube,yt_0008,3.6329931972789113,train
data/raw/real/yt_0008_part_104.flac,0,real,youtube,yt_0008,4.815986394557823,train
data/raw/real/yt_0008_part_105.flac,0,real,youtube,yt_0008,2.5719954648526078,train
data/raw/real/yt_0008_part_106.flac,0,real,youtube,yt_0008,3.099002267573696,train
data/raw/real/yt_0008_part_108.flac,0,real,youtube,yt_0008,3.130997732426304,train
data/raw/real/yt_0008_part_109.flac,0,real,youtube,yt_0008,2.940997732426304,train
data/raw/real/yt_0008_part_110.flac,0,real,youtube,yt_0008,4.399002267573696,train
data/raw/real/yt_0008_part_112.flac,0,real,youtube,yt_0008,3.4950113378684806,train
data/raw/real/yt_0008_part_115.flac,0,real,youtube,yt_0008,2.7429931972789117,train
data/raw/real/yt_0008_part_116.flac,0,real,youtube,yt_0008,2.869002267573696,train
data/raw/real/yt_0008_part_118.flac,0,real,youtube,yt_0008,2.959002267573696,train
data/raw/real/yt_0008_part_120.flac,0,real,youtube,yt_0008,2.650997732426304,train
data/raw/real/yt_0008_part_121.flac,0,real,youtube,yt_0008,4.345986394557823,train
data/raw/real/yt_0008_part_123.flac,0,real,youtube,yt_0008,4.852993197278912,train
data/raw/real/yt_0008_part_124.flac,0,real,youtube,yt_0008,4.5849886621315195,train
data/raw/real/yt_0008_part_125.flac,0,real,youtube,yt_0008,2.9780045351473925,train
data/raw/real/yt_0008_part_126.flac,0,real,youtube,yt_0008,3.383015873015873,train
data/raw/real/yt_0008_part_127.flac,0,real,youtube,yt_0008,2.501995464852608,train
data/raw/real/yt_0008_part_128.flac,0,real,youtube,yt_0008,4.748004535147392,train
data/raw/real/yt_0008_part_129.flac,0,real,youtube,yt_0008,3.170997732426304,train
data/raw/real/yt_0008_part_132.flac,0,real,youtube,yt_0008,3.5339909297052152,train
data/raw/real/yt_0008_part_133.flac,0,real,youtube,yt_0008,2.921995464852608,train
data/raw/real/yt_0008_part_134.flac,0,real,youtube,yt_0008,4.658004535147392,train
data/raw/real/yt_0008_part_136.flac,0,real,youtube,yt_0008,8.577006802721089,train
data/raw/real/yt_0008_part_138.flac,0,real,youtube,yt_0008,5.0429931972789115,train
data/raw/real/yt_0008_part_140.flac,0,real,youtube,yt_0008,5.903015873015873,train
data/raw/real/yt_0008_part_142.flac,0,real,youtube,yt_0008,4.454013605442177,train
data/raw/real/yt_0008_part_147.flac,0,real,youtube,yt_0008,4.743990929705215,train
data/raw/real/yt_0008_part_148.flac,0,real,youtube,yt_0008,5.931995464852608,train
data/raw/real/yt_0008_part_150.flac,0,real,youtube,yt_0008,4.045986394557823,train
data/raw/real/yt_0008_part_151.flac,0,real,youtube,yt_0008,4.165986394557823,train
data/raw/real/yt_0008_part_153.flac,0,real,youtube,yt_0008,7.484013605442177,train
data/raw/real/yt_0008_part_154.flac,0,real,youtube,yt_0008,5.221995464852608,train
data/raw/real/yt_0008_part_156.flac,0,real,youtube,yt_0008,3.439002267573696,train
data/raw/real/yt_0008_part_158.flac,0,real,youtube,yt_0008,3.7739909297052154,train
data/raw/real/yt_0008_part_160.flac,0,real,youtube,yt_0008,6.842993197278911,train
data/raw/real/yt_0008_part_162.flac,0,real,youtube,yt_0008,4.078004535147392,train
data/raw/real/yt_0008_part_164.flac,0,real,youtube,yt_0008,4.189002267573696,train
data/raw/real/yt_0008_part_166.flac,0,real,youtube,yt_0008,4.208004535147392,train
data/raw/real/yt_0008_part_167.flac,0,real,youtube,yt_0008,4.675986394557823,train
data/raw/real/yt_0008_part_169.flac,0,real,youtube,yt_0008,4.149002267573696,train
data/raw/real/yt_0008_part_170.flac,0,real,youtube,yt_0008,5.013990929705216,train
data/raw/real/yt_0008_part_175.flac,0,real,youtube,yt_0008,2.68,train
data/raw/real/yt_0008_part_178.flac,0,real,youtube,yt_0008,2.8739909297052155,train
data/raw/real/yt_0008_part_179.flac,0,real,youtube,yt_0008,7.17501133786848,train
data/raw/real/yt_0008_part_180.flac,0,real,youtube,yt_0008,2.829002267573696,train
data/raw/real/yt_0008_part_181.flac,0,real,youtube,yt_0008,12.526009070294785,train
data/raw/real/yt_0008_part_183.flac,0,real,youtube,yt_0008,3.2190022675736962,train
data/raw/real/yt_0008_part_184.flac,0,real,youtube,yt_0008,7.848004535147393,train
data/raw/real/yt_0008_part_185.flac,0,real,youtube,yt_0008,5.153015873015873,train
data/raw/real/yt_0008_part_186.flac,0,real,youtube,yt_0008,8.907006802721089,train
data/raw/real/yt_0008_part_187.flac,0,real,youtube,yt_0008,3.45,train
data/raw/real/yt_0008_part_188.flac,0,real,youtube,yt_0008,5.581995464852608,train
data/raw/real/yt_0008_part_190.flac,0,real,youtube,yt_0008,3.1549886621315193,train
data/raw/real/yt_0008_part_191.flac,0,real,youtube,yt_0008,4.182993197278911,train
data/raw/real/yt_0008_part_192.flac,0,real,youtube,yt_0008,7.226009070294785,train
data/raw/real/yt_0008_part_195.flac,0,real,youtube,yt_0008,7.5390022675736965,train
data/raw/real/yt_0008_part_196.flac,0,real,youtube,yt_0008,6.759002267573696,train
data/raw/real/yt_0008_part_197.flac,0,real,youtube,yt_0008,3.1650113378684805,train
data/raw/real/yt_0008_part_199.flac,0,real,youtube,yt_0008,2.6609977324263037,train
data/raw/real/yt_0008_part_200.flac,0,real,youtube,yt_0008,2.7470068027210885,train
data/raw/real/yt_0008_part_203.flac,0,real,youtube,yt_0008,7.986984126984127,train
data/raw/real/yt_0008_part_204.flac,0,real,youtube,yt_0008,9.113990929705215,train
data/raw/real/yt_0008_part_205.flac,0,real,youtube,yt_0008,7.382993197278911,train
data/raw/real/yt_0008_part_207.flac,0,real,youtube,yt_0008,9.261995464852607,train
data/raw/real/yt_0008_part_209.flac,0,real,youtube,yt_0008,2.790997732426304,train
data/raw/real/yt_0008_part_211.flac,0,real,youtube,yt_0008,4.398004535147392,train
data/raw/real/yt_0008_part_212.flac,0,real,youtube,yt_0008,7.196009070294784,train
data/raw/real/yt_0008_part_214.flac,0,real,youtube,yt_0008,3.5309977324263038,train
data/raw/real/yt_0008_part_215.flac,0,real,youtube,yt_0008,6.451995464852608,train
data/raw/real/yt_0008_part_217.flac,0,real,youtube,yt_0008,4.18,train
data/raw/real/yt_0008_part_218.flac,0,real,youtube,yt_0008,4.048004535147392,train
data/raw/real/yt_0008_part_220.flac,0,real,youtube,yt_0008,3.060997732426304,train
data/raw/real/yt_0008_part_221.flac,0,real,youtube,yt_0008,2.770997732426304,train
data/raw/real/yt_0008_part_223.flac,0,real,youtube,yt_0008,5.169002267573696,train
data/raw/real/yt_0008_part_225.flac,0,real,youtube,yt_0008,9.951995464852608,train
data/raw/real/yt_0008_part_227.flac,0,real,youtube,yt_0008,5.234013605442177,train
data/raw/real/yt_0008_part_228.flac,0,real,youtube,yt_0008,4.4819954648526075,train
data/raw/real/yt_0008_part_229.flac,0,real,youtube,yt_0008,3.8219954648526078,train
data/raw/real/yt_0008_part_230.flac,0,real,youtube,yt_0008,2.76,train
data/raw/real/yt_0008_part_231.flac,0,real,youtube,yt_0008,3.244988662131519,train
data/raw/real/yt_0008_part_233.flac,0,real,youtube,yt_0008,4.602993197278912,train
data/raw/real/yt_0008_part_235.flac,0,real,youtube,yt_0008,3.0239909297052154,train
data/raw/real/yt_0008_part_236.flac,0,real,youtube,yt_0008,2.5419954648526075,train
data/raw/real/yt_0008_part_238.flac,0,real,youtube,yt_0008,9.45501133786848,train
data/raw/real/yt_0008_part_239.flac,0,real,youtube,yt_0008,2.9560090702947845,train
data/raw/real/yt_0008_part_240.flac,0,real,youtube,yt_0008,5.919002267573696,train
data/raw/real/yt_0008_part_241.flac,0,real,youtube,yt_0008,2.7790022675736963,train
data/raw/real/yt_0008_part_245.flac,0,real,youtube,yt_0008,3.4420181405895693,train
data/raw/real/yt_0008_part_247.flac,0,real,youtube,yt_0008,2.6520181405895693,train
data/raw/real/yt_0008_part_248.flac,0,real,youtube,yt_0008,4.036009070294784,train
data/raw/real/yt_0008_part_250.flac,0,real,youtube,yt_0008,8.820997732426305,train
data/raw/real/yt_0008_part_251.flac,0,real,youtube,yt_0008,2.600997732426304,train
data/raw/real/yt_0008_part_252.flac,0,real,youtube,yt_0008,2.610997732426304,train
data/raw/real/yt_0008_part_253.flac,0,real,youtube,yt_0008,3.268004535147392,train
data/raw/real/yt_0008_part_256.flac,0,real,youtube,yt_0008,3.4829931972789114,train
data/raw/real/yt_0009_p2_part_276.flac,0,real,youtube,yt_0009,7.421995464852608,train
data/raw/real/yt_0009_p2_part_277.flac,0,real,youtube,yt_0009,7.421995464852608,train
data/raw/real/yt_0009_p2_part_279.flac,0,real,youtube,yt_0009,5.5219954648526075,train
data/raw/real/yt_0009_p2_part_281.flac,0,real,youtube,yt_0009,5.8329931972789115,train
data/raw/real/yt_0009_p2_part_282.flac,0,real,youtube,yt_0009,5.8329931972789115,train
data/raw/real/yt_0009_part_002.flac,0,real,youtube,yt_0009,5.121995464852608,train
data/raw/real/yt_0009_part_003.flac,0,real,youtube,yt_0009,5.257006802721088,train
data/raw/real/yt_0009_part_004.flac,0,real,youtube,yt_0009,4.803015873015873,train
data/raw/real/yt_0009_part_007.flac,0,real,youtube,yt_0009,3.5560090702947846,train
data/raw/real/yt_0009_part_009.flac,0,real,youtube,yt_0009,3.24,train
data/raw/real/yt_0009_part_013.flac,0,real,youtube,yt_0009,5.256009070294785,train
data/raw/real/yt_0009_part_014.flac,0,real,youtube,yt_0009,2.88,train
data/raw/real/yt_0009_part_015.flac,0,real,youtube,yt_0009,4.648004535147392,train
data/raw/real/yt_0009_part_016.flac,0,real,youtube,yt_0009,2.5049886621315194,train
data/raw/real/yt_0009_part_017.flac,0,real,youtube,yt_0009,5.102993197278912,train
data/raw/real/yt_0009_part_018.flac,0,real,youtube,yt_0009,5.753990929705216,train
data/raw/real/yt_0009_part_019.flac,0,real,youtube,yt_0009,2.7209977324263037,train
data/raw/real/yt_0009_part_020.flac,0,real,youtube,yt_0009,8.565986394557823,train
data/raw/real/yt_0009_part_022.flac,0,real,youtube,yt_0009,3.2860090702947846,train
data/raw/real/yt_0009_part_024.flac,0,real,youtube,yt_0009,6.269002267573696,train
data/raw/real/yt_0009_part_025.flac,0,real,youtube,yt_0009,4.841995464852608,train
data/raw/real/yt_0009_part_027.flac,0,real,youtube,yt_0009,3.578004535147392,train
data/raw/real/yt_0009_part_028.flac,0,real,youtube,yt_0009,5.115011337868481,train
data/raw/real/yt_0009_part_031.flac,0,real,youtube,yt_0009,2.6280045351473924,train
data/raw/real/yt_0009_part_032.flac,0,real,youtube,yt_0009,4.4990022675736965,train
data/raw/real/yt_0009_part_035.flac,0,real,youtube,yt_0009,3.848004535147392,train
data/raw/real/yt_0009_part_036.flac,0,real,youtube,yt_0009,5.543990929705215,train
data/raw/real/yt_0009_part_037.flac,0,real,youtube,yt_0009,2.833015873015873,train
data/raw/real/yt_0009_part_039.flac,0,real,youtube,yt_0009,3.050997732426304,train
data/raw/real/yt_0009_part_044.flac,0,real,youtube,yt_0009,5.5240136054421765,train
data/raw/real/yt_0009_part_045.flac,0,real,youtube,yt_0009,2.752018140589569,train
data/raw/real/yt_0009_part_047.flac,0,real,youtube,yt_0009,4.728979591836735,train
data/raw/real/yt_0009_part_050.flac,0,real,youtube,yt_0009,6.480997732426304,train
data/raw/real/yt_0009_part_052.flac,0,real,youtube,yt_0009,3.4690022675736962,train
data/raw/real/yt_0009_part_054.flac,0,real,youtube,yt_0009,2.888004535147392,train
data/raw/real/yt_0009_part_055.flac,0,real,youtube,yt_0009,3.580997732426304,train
data/raw/real/yt_0009_part_056.flac,0,real,youtube,yt_0009,3.3570068027210884,train
data/raw/real/yt_0009_part_057.flac,0,real,youtube,yt_0009,5.156009070294784,train
data/raw/real/yt_0009_part_058.flac,0,real,youtube,yt_0009,2.679002267573696,train
data/raw/real/yt_0009_part_059.flac,0,real,youtube,yt_0009,8.907006802721089,train
data/raw/real/yt_0009_part_060.flac,0,real,youtube,yt_0009,2.78,train
data/raw/real/yt_0009_part_063.flac,0,real,youtube,yt_0009,4.451995464852608,train
data/raw/real/yt_0009_part_065.flac,0,real,youtube,yt_0009,6.573990929705215,train
data/raw/real/yt_0009_part_066.flac,0,real,youtube,yt_0009,3.3869841269841268,train
data/raw/real/yt_0009_part_067.flac,0,real,youtube,yt_0009,3.2180045351473923,train
data/raw/real/yt_0009_part_068.flac,0,real,youtube,yt_0009,4.270997732426304,train
data/raw/real/yt_0009_part_069.flac,0,real,youtube,yt_0009,3.0090022675736963,train
data/raw/real/yt_0009_part_070.flac,0,real,youtube,yt_0009,3.2470068027210885,train
data/raw/real/yt_0009_part_071.flac,0,real,youtube,yt_0009,3.03,train
data/raw/real/yt_0009_part_072.flac,0,real,youtube,yt_0009,3.295011337868481,train
data/raw/real/yt_0009_part_073.flac,0,real,youtube,yt_0009,4.483990929705215,train
data/raw/real/yt_0009_part_074.flac,0,real,youtube,yt_0009,3.696984126984127,train
data/raw/real/yt_0009_part_076.flac,0,real,youtube,yt_0009,3.495986394557823,train
data/raw/real/yt_0009_part_077.flac,0,real,youtube,yt_0009,4.569002267573696,train
data/raw/real/yt_0009_part_078.flac,0,real,youtube,yt_0009,3.38,train
data/raw/real/yt_0009_part_079.flac,0,real,youtube,yt_0009,3.3970068027210885,train
data/raw/real/yt_0009_part_080.flac,0,real,youtube,yt_0009,2.7850113378684807,train
data/raw/real/yt_0009_part_084.flac,0,real,youtube,yt_0009,5.680997732426304,train
data/raw/real/yt_0009_part_087.flac,0,real,youtube,yt_0009,2.9690022675736962,train
data/raw/real/yt_0009_part_090.flac,0,real,youtube,yt_0009,3.0290022675736963,train
data/raw/real/yt_0009_part_092.flac,0,real,youtube,yt_0009,2.71,train
data/raw/real/yt_0009_part_093.flac,0,real,youtube,yt_0009,2.880997732426304,train
data/raw/real/yt_0009_part_094.flac,0,real,youtube,yt_0009,2.7470068027210885,train
data/raw/real/yt_0009_part_095.flac,0,real,youtube,yt_0009,2.9070068027210882,train
data/raw/real/yt_0009_part_100.flac,0,real,youtube,yt_0009,3.7409977324263037,train
data/raw/real/yt_0009_part_102.flac,0,real,youtube,yt_0009,4.213990929705216,train
data/raw/real/yt_0009_part_103.flac,0,real,youtube,yt_0009,2.5570068027210886,train
data/raw/real/yt_0009_part_104.flac,0,real,youtube,yt_0009,7.125986394557823,train
data/raw/real/yt_0009_part_105.flac,0,real,youtube,yt_0009,3.5950113378684807,train
data/raw/real/yt_0009_part_107.flac,0,real,youtube,yt_0009,4.269002267573696,train
data/raw/real/yt_0009_part_110.flac,0,real,youtube,yt_0009,3.355011337868481,train
data/raw/real/yt_0009_part_111.flac,0,real,youtube,yt_0009,4.782993197278912,train
data/raw/real/yt_0009_part_112.flac,0,real,youtube,yt_0009,3.2929931972789115,train
data/raw/real/yt_0009_part_113.flac,0,real,youtube,yt_0009,3.713015873015873,train
data/raw/real/yt_0009_part_114.flac,0,real,youtube,yt_0009,3.5529931972789117,train
data/raw/real/yt_0009_part_116.flac,0,real,youtube,yt_0009,5.095011337868481,train
data/raw/real/yt_0009_part_117.flac,0,real,youtube,yt_0009,3.3370068027210884,train
data/raw/real/yt_0009_part_118.flac,0,real,youtube,yt_0009,4.134013605442177,train
data/raw/real/yt_0009_part_119.flac,0,real,youtube,yt_0009,4.558004535147393,train
data/raw/real/yt_0009_part_120.flac,0,real,youtube,yt_0009,4.0009977324263035,train
data/raw/real/yt_0009_part_121.flac,0,real,youtube,yt_0009,3.4319954648526076,train
data/raw/real/yt_0009_part_122.flac,0,real,youtube,yt_0009,3.9370068027210885,train
data/raw/real/yt_0009_part_127.flac,0,real,youtube,yt_0009,2.5290022675736963,train
data/raw/real/yt_0009_part_128.flac,0,real,youtube,yt_0009,4.527006802721089,train
data/raw/real/yt_0009_part_134.flac,0,real,youtube,yt_0009,4.512993197278911,train
data/raw/real/yt_0009_part_136.flac,0,real,youtube,yt_0009,5.908004535147392,train
data/raw/real/yt_0009_part_137.flac,0,real,youtube,yt_0009,3.8760090702947845,train
data/raw/real/yt_0009_part_138.flac,0,real,youtube,yt_0009,3.255011337868481,train
data/raw/real/yt_0009_part_139.flac,0,real,youtube,yt_0009,6.672993197278911,train
data/raw/real/yt_0009_part_141.flac,0,real,youtube,yt_0009,2.6070068027210884,train
data/raw/real/yt_0009_part_143.flac,0,real,youtube,yt_0009,2.848004535147392,train
data/raw/real/yt_0009_part_144.flac,0,real,youtube,yt_0009,2.7460090702947846,train
data/raw/real/yt_0009_part_149.flac,0,real,youtube,yt_0009,7.646984126984127,train
data/raw/real/yt_0009_part_150.flac,0,real,youtube,yt_0009,3.77,train
data/raw/real/yt_0009_part_151.flac,0,real,youtube,yt_0009,5.67501133786848,train
data/raw/real/yt_0009_part_152.flac,0,real,youtube,yt_0009,5.155986394557823,train
data/raw/real/yt_0009_part_153.flac,0,real,youtube,yt_0009,9.453990929705215,train
data/raw/real/yt_0009_part_156.flac,0,real,youtube,yt_0009,3.11,train
data/raw/real/yt_0009_part_157.flac,0,real,youtube,yt_0009,2.9250113378684808,train
data/raw/real/yt_0009_part_159.flac,0,real,youtube,yt_0009,3.308004535147392,train
data/raw/real/yt_0009_part_160.flac,0,real,youtube,yt_0009,2.980997732426304,train
data/raw/real/yt_0009_part_161.flac,0,real,youtube,yt_0009,4.608004535147392,train
data/raw/real/yt_0009_part_163.flac,0,real,youtube,yt_0009,3.4880045351473923,train
data/raw/real/yt_0009_part_164.flac,0,real,youtube,yt_0009,3.7609977324263038,train
data/raw/real/yt_0009_part_165.flac,0,real,youtube,yt_0009,2.800997732426304,train
data/raw/real/yt_0009_part_166.flac,0,real,youtube,yt_0009,3.642018140589569,train
data/raw/real/yt_0009_part_167.flac,0,real,youtube,yt_0009,2.763015873015873,train
data/raw/real/yt_0009_part_168.flac,0,real,youtube,yt_0009,4.394988662131519,train
data/raw/real/yt_0009_part_173.flac,0,real,youtube,yt_0009,5.808004535147393,train
data/raw/real/yt_0009_part_174.flac,0,real,youtube,yt_0009,4.4780045351473925,train
data/raw/real/yt_0009_part_175.flac,0,real,youtube,yt_0009,3.1750113378684808,train
data/raw/real/yt_0009_part_176.flac,0,real,youtube,yt_0009,3.08,train
data/raw/real/yt_0009_part_180.flac,0,real,youtube,yt_0009,3.315011337868481,train
data/raw/real/yt_0009_part_181.flac,0,real,youtube,yt_0009,3.3240136054421767,train
data/raw/real/yt_0009_part_182.flac,0,real,youtube,yt_0009,2.8580045351473924,train
data/raw/real/yt_0009_part_185.flac,0,real,youtube,yt_0009,4.244013605442177,train
data/raw/real/yt_0009_part_186.flac,0,real,youtube,yt_0009,6.009002267573696,train
data/raw/real/yt_0009_part_187.flac,0,real,youtube,yt_0009,2.909002267573696,train
data/raw/real/yt_0009_part_188.flac,0,real,youtube,yt_0009,2.71,train
data/raw/real/yt_0009_part_190.flac,0,real,youtube,yt_0009,5.367006802721089,train
data/raw/real/yt_0009_part_191.flac,0,real,youtube,yt_0009,4.3579818594104305,train
data/raw/real/yt_0009_part_192.flac,0,real,youtube,yt_0009,3.0,train
data/raw/real/yt_0009_part_195.flac,0,real,youtube,yt_0009,3.0740136054421767,train
data/raw/real/yt_0009_part_197.flac,0,real,youtube,yt_0009,3.2850113378684807,train
data/raw/real/yt_0009_part_198.flac,0,real,youtube,yt_0009,5.541995464852608,train
data/raw/real/yt_0009_part_199.flac,0,real,youtube,yt_0009,3.209002267573696,train
data/raw/real/yt_0009_part_200.flac,0,real,youtube,yt_0009,2.795011337868481,train
data/raw/real/yt_0009_part_202.flac,0,real,youtube,yt_0009,4.367006802721089,train
data/raw/real/yt_0009_part_206.flac,0,real,youtube,yt_0009,3.2349886621315194,train
data/raw/real/yt_0009_part_208.flac,0,real,youtube,yt_0009,4.16,train
data/raw/real/yt_0009_part_209.flac,0,real,youtube,yt_0009,3.473015873015873,train
data/raw/real/yt_0009_part_210.flac,0,real,youtube,yt_0009,3.190997732426304,train
data/raw/real/yt_0009_part_213.flac,0,real,youtube,yt_0009,6.933990929705216,train
data/raw/real/yt_0009_part_214.flac,0,real,youtube,yt_0009,3.399002267573696,train
data/raw/real/yt_0009_part_215.flac,0,real,youtube,yt_0009,2.598004535147392,train
data/raw/real/yt_0009_part_216.flac,0,real,youtube,yt_0009,2.783015873015873,train
data/raw/real/yt_0009_part_218.flac,0,real,youtube,yt_0009,4.532993197278912,train
data/raw/real/yt_0009_part_219.flac,0,real,youtube,yt_0009,3.31,train
data/raw/real/yt_0009_part_220.flac,0,real,youtube,yt_0009,8.914988662131519,train
data/raw/real/yt_0009_part_222.flac,0,real,youtube,yt_0009,2.690997732426304,train
data/raw/real/yt_0009_part_224.flac,0,real,youtube,yt_0009,4.107006802721089,train
data/raw/real/yt_0009_part_225.flac,0,real,youtube,yt_0009,3.8549886621315195,train
data/raw/real/yt_0009_part_226.flac,0,real,youtube,yt_0009,5.706009070294785,train
data/raw/real/yt_0009_part_227.flac,0,real,youtube,yt_0009,2.893015873015873,train
data/raw/real/yt_0009_part_229.flac,0,real,youtube,yt_0009,3.8449886621315192,train
data/raw/real/yt_0009_part_230.flac,0,real,youtube,yt_0009,5.096984126984127,train
data/raw/real/yt_0009_part_231.flac,0,real,youtube,yt_0009,6.0390022675736965,train
data/raw/real/yt_0009_part_232.flac,0,real,youtube,yt_0009,3.1229931972789116,train
data/raw/real/yt_0009_part_235.flac,0,real,youtube,yt_0009,3.654013605442177,train
data/raw/real/yt_0009_part_236.flac,0,real,youtube,yt_0009,4.623990929705215,train
data/raw/real/yt_0009_part_237.flac,0,real,youtube,yt_0009,5.8959863945578235,train
data/raw/real/yt_0009_part_239.flac,0,real,youtube,yt_0009,3.5119954648526077,train
data/raw/real/yt_0009_part_240.flac,0,real,youtube,yt_0009,8.654988662131519,train
data/raw/real/yt_0009_part_242.flac,0,real,youtube,yt_0009,3.86,train
data/raw/real/yt_0009_part_243.flac,0,real,youtube,yt_0009,3.065986394557823,train
data/raw/real/yt_0009_part_244.flac,0,real,youtube,yt_0009,2.81,train
data/raw/real/yt_0009_part_246.flac,0,real,youtube,yt_0009,2.9360090702947845,train
data/raw/real/yt_0009_part_247.flac,0,real,youtube,yt_0009,3.24,train
data/raw/real/yt_0009_part_249.flac,0,real,youtube,yt_0009,3.6720181405895693,train
data/raw/real/yt_0009_part_251.flac,0,real,youtube,yt_0009,3.5439909297052155,train
data/raw/real/yt_0009_part_252.flac,0,real,youtube,yt_0009,5.333990929705215,train
data/raw/real/yt_0009_part_253.flac,0,real,youtube,yt_0009,4.135986394557823,train
data/raw/real/yt_0009_part_254.flac,0,real,youtube,yt_0009,3.419002267573696,train
data/raw/real/yt_0009_part_255.flac,0,real,youtube,yt_0009,7.641995464852608,train
data/raw/real/yt_0009_part_256.flac,0,real,youtube,yt_0009,2.5739909297052153,train
data/raw/real/yt_0009_part_257.flac,0,real,youtube,yt_0009,2.61,train
data/raw/real/yt_0009_part_258.flac,0,real,youtube,yt_0009,3.070997732426304,train
data/raw/real/yt_0009_part_262.flac,0,real,youtube,yt_0009,3.028979591836735,train
data/raw/real/yt_0009_part_263.flac,0,real,youtube,yt_0009,3.691995464852608,train
data/raw/real/yt_0009_part_264.flac,0,real,youtube,yt_0009,4.194988662131519,train
data/raw/real/yt_0009_part_266.flac,0,real,youtube,yt_0009,3.379002267573696,train
data/raw/real/yt_0009_part_267.flac,0,real,youtube,yt_0009,2.8370068027210884,train
data/raw/real/yt_0009_part_268.flac,0,real,youtube,yt_0009,2.8560090702947845,train
data/raw/real/yt_0009_part_269.flac,0,real,youtube,yt_0009,3.494988662131519,train
data/raw/real/yt_0009_part_270.flac,0,real,youtube,yt_0009,4.473015873015873,train
data/raw/real/yt_0009_part_271.flac,0,real,youtube,yt_0009,4.1670068027210885,train
data/raw/real/yt_0009_part_273.flac,0,real,youtube,yt_0009,6.572993197278912,train
data/raw/real/yt_0009_part_274.flac,0,real,youtube,yt_0009,4.4609977324263035,train
data/raw/real/yt_0010_part_001.flac,0,real,youtube,yt_0010,3.4509977324263037,calibration
data/raw/real/yt_0010_part_002.flac,0,real,youtube,yt_0010,2.6150113378684807,calibration
data/raw/real/yt_0010_part_003.flac,0,real,youtube,yt_0010,2.6250113378684805,calibration
data/raw/real/yt_0010_part_004.flac,0,real,youtube,yt_0010,3.237981859410431,calibration
data/raw/real/yt_0010_part_005.flac,0,real,youtube,yt_0010,4.672993197278911,calibration
data/raw/real/yt_0010_part_006.flac,0,real,youtube,yt_0010,8.743015873015873,calibration
data/raw/real/yt_0010_part_007.flac,0,real,youtube,yt_0010,2.620997732426304,calibration
data/raw/real/yt_0010_part_009.flac,0,real,youtube,yt_0010,3.4690022675736962,calibration
data/raw/real/yt_0010_part_010.flac,0,real,youtube,yt_0010,3.070997732426304,calibration
data/raw/real/yt_0010_part_011.flac,0,real,youtube,yt_0010,3.744988662131519,calibration
data/raw/real/yt_0010_part_013.flac,0,real,youtube,yt_0010,5.105011337868481,calibration
data/raw/real/yt_0010_part_014.flac,0,real,youtube,yt_0010,2.514988662131519,calibration
data/raw/real/yt_0010_part_016.flac,0,real,youtube,yt_0010,3.0329931972789117,calibration
data/raw/real/yt_0010_part_017.flac,0,real,youtube,yt_0010,6.531995464852607,calibration
data/raw/real/yt_0010_part_018.flac,0,real,youtube,yt_0010,3.9649886621315193,calibration
data/raw/real/yt_0010_part_020.flac,0,real,youtube,yt_0010,2.689002267573696,calibration
data/raw/real/yt_0010_part_021.flac,0,real,youtube,yt_0010,2.5339909297052152,calibration
data/raw/real/yt_0010_part_022.flac,0,real,youtube,yt_0010,3.6370068027210882,calibration
data/raw/real/yt_0010_part_023.flac,0,real,youtube,yt_0010,4.132993197278911,calibration
data/raw/real/yt_0010_part_027.flac,0,real,youtube,yt_0010,2.6779818594104308,calibration
data/raw/real/yt_0010_part_031.flac,0,real,youtube,yt_0010,8.053015873015873,calibration
data/raw/real/yt_0010_part_032.flac,0,real,youtube,yt_0010,3.4280045351473922,calibration
data/raw/real/yt_0010_part_034.flac,0,real,youtube,yt_0010,2.725986394557823,calibration
data/raw/real/yt_0010_part_035.flac,0,real,youtube,yt_0010,3.3239909297052153,calibration
data/raw/real/yt_0010_part_036.flac,0,real,youtube,yt_0010,2.651995464852608,calibration
data/raw/real/yt_0010_part_038.flac,0,real,youtube,yt_0010,2.9370068027210885,calibration
data/raw/real/yt_0010_part_039.flac,0,real,youtube,yt_0010,2.539002267573696,calibration
data/raw/real/yt_0010_part_040.flac,0,real,youtube,yt_0010,9.761995464852607,calibration
data/raw/real/yt_0010_part_041.flac,0,real,youtube,yt_0010,3.555986394557823,calibration
data/raw/real/yt_0010_part_043.flac,0,real,youtube,yt_0010,5.790997732426304,calibration
data/raw/real/yt_0010_part_044.flac,0,real,youtube,yt_0010,5.033015873015873,calibration
data/raw/real/yt_0010_part_045.flac,0,real,youtube,yt_0010,3.447981859410431,calibration
data/raw/real/yt_0010_part_046.flac,0,real,youtube,yt_0010,3.533015873015873,calibration
data/raw/real/yt_0010_part_047.flac,0,real,youtube,yt_0010,4.025986394557823,calibration
data/raw/real/yt_0010_part_050.flac,0,real,youtube,yt_0010,2.7239909297052156,calibration
data/raw/real/yt_0010_part_051.flac,0,real,youtube,yt_0010,3.44,calibration
data/raw/real/yt_0010_part_052.flac,0,real,youtube,yt_0010,2.5039909297052154,calibration
data/raw/real/yt_0010_part_053.flac,0,real,youtube,yt_0010,3.9170068027210885,calibration
data/raw/real/yt_0010_part_055.flac,0,real,youtube,yt_0010,2.5210204081632654,calibration
data/raw/real/yt_0010_part_056.flac,0,real,youtube,yt_0010,6.4150113378684805,calibration
data/raw/real/yt_0011_p2_part_176.flac,0,real,youtube,yt_0011,6.840997732426304,train
data/raw/real/yt_0011_p2_part_177.flac,0,real,youtube,yt_0011,6.841995464852608,train
data/raw/real/yt_0011_p2_part_178.flac,0,real,youtube,yt_0011,6.9359863945578235,train
data/raw/real/yt_0011_p2_part_181.flac,0,real,youtube,yt_0011,6.75,train
data/raw/real/yt_0011_part_001.flac,0,real,youtube,yt_0011,3.6320181405895693,train
data/raw/real/yt_0011_part_004.flac,0,real,youtube,yt_0011,2.952018140589569,train
data/raw/real/yt_0011_part_005.flac,0,real,youtube,yt_0011,3.5229931972789115,train
data/raw/real/yt_0011_part_006.flac,0,real,youtube,yt_0011,3.607981859410431,train
data/raw/real/yt_0011_part_007.flac,0,real,youtube,yt_0011,2.5539909297052152,train
data/raw/real/yt_0011_part_009.flac,0,real,youtube,yt_0011,4.414013605442177,train
data/raw/real/yt_0011_part_010.flac,0,real,youtube,yt_0011,4.225011337868481,train
data/raw/real/yt_0011_part_012.flac,0,real,youtube,yt_0011,2.8440136054421767,train
data/raw/real/yt_0011_part_013.flac,0,real,youtube,yt_0011,3.9460090702947848,train
data/raw/real/yt_0011_part_016.flac,0,real,youtube,yt_0011,3.61,train
data/raw/real/yt_0011_part_017.flac,0,real,youtube,yt_0011,6.803015873015873,train
data/raw/real/yt_0011_part_020.flac,0,real,youtube,yt_0011,6.683990929705216,train
data/raw/real/yt_0011_part_022.flac,0,real,youtube,yt_0011,2.860997732426304,train
data/raw/real/yt_0011_part_023.flac,0,real,youtube,yt_0011,2.6080045351473924,train
data/raw/real/yt_0011_part_028.flac,0,real,youtube,yt_0011,2.923015873015873,train
data/raw/real/yt_0011_part_030.flac,0,real,youtube,yt_0011,2.963015873015873,train
data/raw/real/yt_0011_part_033.flac,0,real,youtube,yt_0011,4.39,train
data/raw/real/yt_0011_part_034.flac,0,real,youtube,yt_0011,4.03498866213152,train
data/raw/real/yt_0011_part_036.flac,0,real,youtube,yt_0011,4.966984126984127,train
data/raw/real/yt_0011_part_037.flac,0,real,youtube,yt_0011,7.596009070294785,train
data/raw/real/yt_0011_part_039.flac,0,real,youtube,yt_0011,4.183990929705216,train
data/raw/real/yt_0011_part_041.flac,0,real,youtube,yt_0011,8.1,train
data/raw/real/yt_0011_part_042.flac,0,real,youtube,yt_0011,4.031995464852607,train
data/raw/real/yt_0011_part_043.flac,0,real,youtube,yt_0011,3.8429931972789118,train
data/raw/real/yt_0011_part_046.flac,0,real,youtube,yt_0011,2.6060090702947845,train
data/raw/real/yt_0011_part_047.flac,0,real,youtube,yt_0011,4.700997732426304,train
data/raw/real/yt_0011_part_048.flac,0,real,youtube,yt_0011,3.2670068027210886,train
data/raw/real/yt_0011_part_049.flac,0,real,youtube,yt_0011,8.808979591836735,train
data/raw/real/yt_0011_part_050.flac,0,real,youtube,yt_0011,2.6350113378684807,train
data/raw/real/yt_0011_part_052.flac,0,real,youtube,yt_0011,4.538004535147392,train
data/raw/real/yt_0011_part_054.flac,0,real,youtube,yt_0011,3.2380045351473923,train
data/raw/real/yt_0011_part_056.flac,0,real,youtube,yt_0011,3.9280045351473922,train
data/raw/real/yt_0011_part_060.flac,0,real,youtube,yt_0011,4.448004535147392,train
data/raw/real/yt_0011_part_064.flac,0,real,youtube,yt_0011,7.093990929705216,train
data/raw/real/yt_0011_part_065.flac,0,real,youtube,yt_0011,3.9829931972789114,train
data/raw/real/yt_0011_part_067.flac,0,real,youtube,yt_0011,3.785986394557823,train
data/raw/real/yt_0011_part_069.flac,0,real,youtube,yt_0011,6.726009070294785,train
data/raw/real/yt_0011_part_071.flac,0,real,youtube,yt_0011,2.52,train
data/raw/real/yt_0011_part_072.flac,0,real,youtube,yt_0011,3.8939909297052155,train
data/raw/real/yt_0011_part_073.flac,0,real,youtube,yt_0011,4.141995464852608,train
data/raw/real/yt_0011_part_075.flac,0,real,youtube,yt_0011,7.095011337868481,train
data/raw/real/yt_0011_part_078.flac,0,real,youtube,yt_0011,5.134988662131519,train
data/raw/real/yt_0011_part_079.flac,0,real,youtube,yt_0011,4.050997732426304,train
data/raw/real/yt_0011_part_080.flac,0,real,youtube,yt_0011,4.242018140589569,train
data/raw/real/yt_0011_part_082.flac,0,real,youtube,yt_0011,5.487006802721089,train
data/raw/real/yt_0011_part_083.flac,0,real,youtube,yt_0011,3.0429931972789115,train
data/raw/real/yt_0011_part_084.flac,0,real,youtube,yt_0011,3.1870068027210885,train
data/raw/real/yt_0011_part_086.flac,0,real,youtube,yt_0011,5.742993197278912,train
data/raw/real/yt_0011_part_087.flac,0,real,youtube,yt_0011,4.709002267573696,train
data/raw/real/yt_0011_part_088.flac,0,real,youtube,yt_0011,4.115011337868481,train
data/raw/real/yt_0011_part_090.flac,0,real,youtube,yt_0011,2.501995464852608,train
data/raw/real/yt_0011_part_091.flac,0,real,youtube,yt_0011,3.0080045351473923,train
data/raw/real/yt_0011_part_092.flac,0,real,youtube,yt_0011,3.61,train
data/raw/real/yt_0011_part_095.flac,0,real,youtube,yt_0011,3.5060090702947844,train
data/raw/real/yt_0011_part_096.flac,0,real,youtube,yt_0011,4.402018140589569,train
data/raw/real/yt_0011_part_098.flac,0,real,youtube,yt_0011,10.860997732426304,train
data/raw/real/yt_0011_part_099.flac,0,real,youtube,yt_0011,6.078004535147392,train
data/raw/real/yt_0011_part_101.flac,0,real,youtube,yt_0011,2.6229931972789116,train
data/raw/real/yt_0011_part_102.flac,0,real,youtube,yt_0011,5.131995464852608,train
data/raw/real/yt_0011_part_103.flac,0,real,youtube,yt_0011,7.564988662131519,train
data/raw/real/yt_0011_part_104.flac,0,real,youtube,yt_0011,7.212993197278911,train
data/raw/real/yt_0011_part_105.flac,0,real,youtube,yt_0011,4.484988662131519,train
data/raw/real/yt_0011_part_107.flac,0,real,youtube,yt_0011,6.564988662131519,train
data/raw/real/yt_0011_part_109.flac,0,real,youtube,yt_0011,4.9359863945578235,train
data/raw/real/yt_0011_part_112.flac,0,real,youtube,yt_0011,3.191995464852608,train
data/raw/real/yt_0011_part_115.flac,0,real,youtube,yt_0011,5.8329931972789115,train
data/raw/real/yt_0011_part_116.flac,0,real,youtube,yt_0011,3.869002267573696,train
data/raw/real/yt_0011_part_117.flac,0,real,youtube,yt_0011,9.489002267573696,train
data/raw/real/yt_0011_part_118.flac,0,real,youtube,yt_0011,6.278004535147392,train
data/raw/real/yt_0011_part_120.flac,0,real,youtube,yt_0011,6.432993197278911,train
data/raw/real/yt_0011_part_121.flac,0,real,youtube,yt_0011,2.9129931972789116,train
data/raw/real/yt_0011_part_122.flac,0,real,youtube,yt_0011,3.5519954648526078,train
data/raw/real/yt_0011_part_127.flac,0,real,youtube,yt_0011,5.099002267573696,train
data/raw/real/yt_0011_part_128.flac,0,real,youtube,yt_0011,9.950997732426304,train
data/raw/real/yt_0011_part_129.flac,0,real,youtube,yt_0011,7.449002267573696,train
data/raw/real/yt_0011_part_135.flac,0,real,youtube,yt_0011,3.334013605442177,train
data/raw/real/yt_0011_part_136.flac,0,real,youtube,yt_0011,2.94,train
data/raw/real/yt_0011_part_139.flac,0,real,youtube,yt_0011,3.6929931972789114,train
data/raw/real/yt_0011_part_140.flac,0,real,youtube,yt_0011,7.6439909297052155,train
data/raw/real/yt_0011_part_141.flac,0,real,youtube,yt_0011,4.709002267573696,train
data/raw/real/yt_0011_part_142.flac,0,real,youtube,yt_0011,6.450997732426304,train
data/raw/real/yt_0011_part_144.flac,0,real,youtube,yt_0011,5.72,train
data/raw/real/yt_0011_part_146.flac,0,real,youtube,yt_0011,5.109002267573696,train
data/raw/real/yt_0011_part_147.flac,0,real,youtube,yt_0011,3.4429931972789114,train
data/raw/real/yt_0011_part_150.flac,0,real,youtube,yt_0011,2.8850113378684807,train
data/raw/real/yt_0011_part_151.flac,0,real,youtube,yt_0011,5.477006802721088,train
data/raw/real/yt_0011_part_152.flac,0,real,youtube,yt_0011,4.1249886621315195,train
data/raw/real/yt_0011_part_153.flac,0,real,youtube,yt_0011,2.6629931972789116,train
data/raw/real/yt_0011_part_155.flac,0,real,youtube,yt_0011,8.062993197278912,train
data/raw/real/yt_0011_part_156.flac,0,real,youtube,yt_0011,3.87,train
data/raw/real/yt_0011_part_159.flac,0,real,youtube,yt_0011,4.291995464852608,train
data/raw/real/yt_0011_part_161.flac,0,real,youtube,yt_0011,5.06,train
data/raw/real/yt_0011_part_162.flac,0,real,youtube,yt_0011,4.9320181405895696,train
data/raw/real/yt_0011_part_163.flac,0,real,youtube,yt_0011,6.818979591836735,train
data/raw/real/yt_0011_part_165.flac,0,real,youtube,yt_0011,5.8139909297052155,train
data/raw/real/yt_0011_part_166.flac,0,real,youtube,yt_0011,3.18,train
data/raw/real/yt_0011_part_167.flac,0,real,youtube,yt_0011,3.9229931972789114,train
data/raw/real/yt_0011_part_168.flac,0,real,youtube,yt_0011,3.2549886621315194,train
data/raw/real/yt_0011_part_169.flac,0,real,youtube,yt_0011,2.77,train
data/raw/real/yt_0011_part_172.flac,0,real,youtube,yt_0011,9.822993197278912,train
data/raw/real/yt_0011_part_173.flac,0,real,youtube,yt_0011,3.2160090702947848,train
data/raw/real/yt_0012_p2_part_173.flac,0,real,youtube,yt_0012,5.482993197278912,val
data/raw/real/yt_0012_p2_part_174.flac,0,real,youtube,yt_0012,5.482993197278912,val
data/raw/real/yt_0012_p2_part_176.flac,0,real,youtube,yt_0012,6.650997732426304,val
data/raw/real/yt_0012_p2_part_177.flac,0,real,youtube,yt_0012,6.650997732426304,val
data/raw/real/yt_0012_part_002.flac,0,real,youtube,yt_0012,6.82,val
data/raw/real/yt_0012_part_005.flac,0,real,youtube,yt_0012,5.569002267573696,val
data/raw/real/yt_0012_part_006.flac,0,real,youtube,yt_0012,4.647006802721088,val
data/raw/real/yt_0012_part_007.flac,0,real,youtube,yt_0012,6.173990929705216,val
data/raw/real/yt_0012_part_008.flac,0,real,youtube,yt_0012,5.557006802721088,val
data/raw/real/yt_0012_part_009.flac,0,real,youtube,yt_0012,2.607981859410431,val
data/raw/real/yt_0012_part_013.flac,0,real,youtube,yt_0012,4.0640136054421765,val
data/raw/real/yt_0012_part_015.flac,0,real,youtube,yt_0012,5.115011337868481,val
data/raw/real/yt_0012_part_016.flac,0,real,youtube,yt_0012,3.49,val
data/raw/real/yt_0012_part_017.flac,0,real,youtube,yt_0012,3.2619954648526077,val
data/raw/real/yt_0012_part_022.flac,0,real,youtube,yt_0012,3.4629931972789114,val
data/raw/real/yt_0012_part_023.flac,0,real,youtube,yt_0012,4.019002267573696,val
data/raw/real/yt_0012_part_024.flac,0,real,youtube,yt_0012,7.633015873015873,val
data/raw/real/yt_0012_part_027.flac,0,real,youtube,yt_0012,3.562018140589569,val
data/raw/real/yt_0012_part_029.flac,0,real,youtube,yt_0012,3.2729931972789115,val
data/raw/real/yt_0012_part_030.flac,0,real,youtube,yt_0012,10.042018140589569,val
data/raw/real/yt_0012_part_032.flac,0,real,youtube,yt_0012,4.733015873015873,val
data/raw/real/yt_0012_part_034.flac,0,real,youtube,yt_0012,6.350997732426304,val
data/raw/real/yt_0012_part_037.flac,0,real,youtube,yt_0012,4.011995464852608,val
data/raw/real/yt_0012_part_038.flac,0,real,youtube,yt_0012,5.043990929705215,val
data/raw/real/yt_0012_part_039.flac,0,real,youtube,yt_0012,4.078004535147392,val
data/raw/real/yt_0012_part_041.flac,0,real,youtube,yt_0012,4.248004535147392,val
data/raw/real/yt_0012_part_042.flac,0,real,youtube,yt_0012,4.690997732426304,val
data/raw/real/yt_0012_part_043.flac,0,real,youtube,yt_0012,8.428004535147393,val
data/raw/real/yt_0012_part_045.flac,0,real,youtube,yt_0012,4.423990929705216,val
data/raw/real/yt_0012_part_050.flac,0,real,youtube,yt_0012,3.716984126984127,val
data/raw/real/yt_0012_part_052.flac,0,real,youtube,yt_0012,3.8260090702947847,val
data/raw/real/yt_0012_part_053.flac,0,real,youtube,yt_0012,6.743990929705215,val
data/raw/real/yt_0012_part_054.flac,0,real,youtube,yt_0012,4.254013605442177,val
data/raw/real/yt_0012_part_059.flac,0,real,youtube,yt_0012,3.211995464852608,val
data/raw/real/yt_0012_part_061.flac,0,real,youtube,yt_0012,8.09201814058957,val
data/raw/real/yt_0012_part_062.flac,0,real,youtube,yt_0012,8.45,val
data/raw/real/yt_0012_part_063.flac,0,real,youtube,yt_0012,5.769002267573696,val
data/raw/real/yt_0012_part_065.flac,0,real,youtube,yt_0012,5.851995464852608,val
data/raw/real/yt_0012_part_066.flac,0,real,youtube,yt_0012,4.0639909297052155,val
data/raw/real/yt_0012_part_068.flac,0,real,youtube,yt_0012,5.263990929705216,val
data/raw/real/yt_0012_part_069.flac,0,real,youtube,yt_0012,3.0819954648526076,val
data/raw/real/yt_0012_part_070.flac,0,real,youtube,yt_0012,4.846984126984127,val
data/raw/real/yt_0012_part_071.flac,0,real,youtube,yt_0012,5.905011337868481,val
data/raw/real/yt_0012_part_073.flac,0,real,youtube,yt_0012,2.986009070294785,val
data/raw/real/yt_0012_part_074.flac,0,real,youtube,yt_0012,2.6149886621315193,val
data/raw/real/yt_0012_part_076.flac,0,real,youtube,yt_0012,4.526009070294784,val
data/raw/real/yt_0012_part_080.flac,0,real,youtube,yt_0012,4.281995464852607,val
data/raw/real/yt_0012_part_082.flac,0,real,youtube,yt_0012,3.15,val
data/raw/real/yt_0012_part_083.flac,0,real,youtube,yt_0012,4.097006802721088,val
data/raw/real/yt_0012_part_084.flac,0,real,youtube,yt_0012,2.941995464852608,val
data/raw/real/yt_0012_part_085.flac,0,real,youtube,yt_0012,4.775986394557823,val
data/raw/real/yt_0012_part_086.flac,0,real,youtube,yt_0012,11.324988662131519,val
data/raw/real/yt_0012_part_087.flac,0,real,youtube,yt_0012,4.832018140589569,val
data/raw/real/yt_0012_part_088.flac,0,real,youtube,yt_0012,2.5610204081632655,val
data/raw/real/yt_0012_part_089.flac,0,real,youtube,yt_0012,3.2229931972789116,val
data/raw/real/yt_0012_part_091.flac,0,real,youtube,yt_0012,2.965011337868481,val
data/raw/real/yt_0012_part_092.flac,0,real,youtube,yt_0012,5.421995464852608,val
data/raw/real/yt_0012_part_093.flac,0,real,youtube,yt_0012,6.482993197278912,val
data/raw/real/yt_0012_part_094.flac,0,real,youtube,yt_0012,5.726009070294785,val
data/raw/real/yt_0012_part_095.flac,0,real,youtube,yt_0012,3.3289795918367346,val
data/raw/real/yt_0012_part_096.flac,0,real,youtube,yt_0012,4.580997732426304,val
data/raw/real/yt_0012_part_097.flac,0,real,youtube,yt_0012,3.3219954648526078,val
data/raw/real/yt_0012_part_098.flac,0,real,youtube,yt_0012,4.587006802721088,val
data/raw/real/yt_0012_part_100.flac,0,real,youtube,yt_0012,3.7160090702947848,val
data/raw/real/yt_0012_part_103.flac,0,real,youtube,yt_0012,7.300997732426304,val
data/raw/real/yt_0012_part_104.flac,0,real,youtube,yt_0012,2.8919954648526076,val
data/raw/real/yt_0012_part_105.flac,0,real,youtube,yt_0012,3.9780045351473925,val
data/raw/real/yt_0012_part_108.flac,0,real,youtube,yt_0012,3.215011337868481,val
data/raw/real/yt_0012_part_109.flac,0,real,youtube,yt_0012,4.0850113378684805,val
data/raw/real/yt_0012_part_111.flac,0,real,youtube,yt_0012,7.620997732426304,val
data/raw/real/yt_0012_part_112.flac,0,real,youtube,yt_0012,5.290997732426304,val
data/raw/real/yt_0012_part_114.flac,0,real,youtube,yt_0012,7.0240136054421765,val
data/raw/real/yt_0012_part_115.flac,0,real,youtube,yt_0012,2.9029931972789114,val
data/raw/real/yt_0012_part_116.flac,0,real,youtube,yt_0012,2.5280045351473923,val
data/raw/real/yt_0012_part_121.flac,0,real,youtube,yt_0012,3.639002267573696,val
data/raw/real/yt_0012_part_122.flac,0,real,youtube,yt_0012,4.5829931972789115,val
data/raw/real/yt_0012_part_124.flac,0,real,youtube,yt_0012,5.546984126984127,val
data/raw/real/yt_0012_part_125.flac,0,real,youtube,yt_0012,6.004988662131519,val
data/raw/real/yt_0012_part_126.flac,0,real,youtube,yt_0012,5.260997732426304,val
data/raw/real/yt_0012_part_127.flac,0,real,youtube,yt_0012,7.482993197278912,val
data/raw/real/yt_0012_part_128.flac,0,real,youtube,yt_0012,3.185986394557823,val
data/raw/real/yt_0012_part_130.flac,0,real,youtube,yt_0012,4.879002267573696,val
data/raw/real/yt_0012_part_131.flac,0,real,youtube,yt_0012,4.935011337868481,val
data/raw/real/yt_0012_part_132.flac,0,real,youtube,yt_0012,6.0,val
data/raw/real/yt_0012_part_136.flac,0,real,youtube,yt_0012,3.4449886621315193,val
data/raw/real/yt_0012_part_137.flac,0,real,youtube,yt_0012,4.822993197278912,val
data/raw/real/yt_0012_part_138.flac,0,real,youtube,yt_0012,2.5,val
data/raw/real/yt_0012_part_140.flac,0,real,youtube,yt_0012,2.98,val
data/raw/real/yt_0012_part_143.flac,0,real,youtube,yt_0012,2.7009977324263037,val
data/raw/real/yt_0012_part_144.flac,0,real,youtube,yt_0012,3.4139909297052156,val
data/raw/real/yt_0012_part_148.flac,0,real,youtube,yt_0012,4.386009070294785,val
data/raw/real/yt_0012_part_149.flac,0,real,youtube,yt_0012,4.2319954648526075,val
data/raw/real/yt_0012_part_153.flac,0,real,youtube,yt_0012,6.43,val
data/raw/real/yt_0012_part_154.flac,0,real,youtube,yt_0012,6.101995464852608,val
data/raw/real/yt_0012_part_158.flac,0,real,youtube,yt_0012,6.951995464852608,val
data/raw/real/yt_0012_part_159.flac,0,real,youtube,yt_0012,5.838979591836734,val
data/raw/real/yt_0012_part_160.flac,0,real,youtube,yt_0012,3.558004535147392,val
data/raw/real/yt_0012_part_161.flac,0,real,youtube,yt_0012,5.739002267573696,val
data/raw/real/yt_0012_part_162.flac,0,real,youtube,yt_0012,10.20299319727891,val
data/raw/real/yt_0012_part_163.flac,0,real,youtube,yt_0012,6.613015873015873,val
data/raw/real/yt_0012_part_165.flac,0,real,youtube,yt_0012,4.062993197278912,val
data/raw/real/yt_0012_part_167.flac,0,real,youtube,yt_0012,6.733990929705215,val
data/raw/real/yt_0012_part_169.flac,0,real,youtube,yt_0012,5.712993197278911,val
data/raw/real/yt_0012_part_170.flac,0,real,youtube,yt_0012,7.18,val
data/raw/real/yt_0013_p2_part_112.flac,0,real,youtube,yt_0013,6.7680045351473925,test
data/raw/real/yt_0013_p2_part_113.flac,0,real,youtube,yt_0013,6.7680045351473925,test
data/raw/real/yt_0013_part_001.flac,0,real,youtube,yt_0013,4.384988662131519,test
data/raw/real/yt_0013_part_003.flac,0,real,youtube,yt_0013,5.699002267573696,test
data/raw/real/yt_0013_part_004.flac,0,real,youtube,yt_0013,3.5739909297052153,test
data/raw/real/yt_0013_part_005.flac,0,real,youtube,yt_0013,3.88,test
data/raw/real/yt_0013_part_006.flac,0,real,youtube,yt_0013,5.649002267573696,test
data/raw/real/yt_0013_part_007.flac,0,real,youtube,yt_0013,4.92,test
data/raw/real/yt_0013_part_008.flac,0,real,youtube,yt_0013,2.9670068027210883,test
data/raw/real/yt_0013_part_011.flac,0,real,youtube,yt_0013,4.785986394557823,test
data/raw/real/yt_0013_part_012.flac,0,real,youtube,yt_0013,5.5619954648526075,test
data/raw/real/yt_0013_part_013.flac,0,real,youtube,yt_0013,2.8260090702947847,test
data/raw/real/yt_0013_part_014.flac,0,real,youtube,yt_0013,3.731995464852608,test
data/raw/real/yt_0013_part_016.flac,0,real,youtube,yt_0013,2.5129931972789117,test
data/raw/real/yt_0013_part_017.flac,0,real,youtube,yt_0013,2.8339909297052155,test
data/raw/real/yt_0013_part_018.flac,0,real,youtube,yt_0013,4.390997732426304,test
data/raw/real/yt_0013_part_019.flac,0,real,youtube,yt_0013,2.725986394557823,test
data/raw/real/yt_0013_part_020.flac,0,real,youtube,yt_0013,3.2159863945578233,test
data/raw/real/yt_0013_part_022.flac,0,real,youtube,yt_0013,2.663015873015873,test
data/raw/real/yt_0013_part_023.flac,0,real,youtube,yt_0013,3.6429931972789116,test
data/raw/real/yt_0013_part_025.flac,0,real,youtube,yt_0013,6.86498866213152,test
data/raw/real/yt_0013_part_027.flac,0,real,youtube,yt_0013,3.659002267573696,test
data/raw/real/yt_0013_part_028.flac,0,real,youtube,yt_0013,4.969002267573696,test
data/raw/real/yt_0013_part_029.flac,0,real,youtube,yt_0013,3.18,test
data/raw/real/yt_0013_part_030.flac,0,real,youtube,yt_0013,3.473015873015873,test
data/raw/real/yt_0013_part_031.flac,0,real,youtube,yt_0013,2.585986394557823,test
data/raw/real/yt_0013_part_032.flac,0,real,youtube,yt_0013,2.9380045351473925,test
data/raw/real/yt_0013_part_033.flac,0,real,youtube,yt_0013,3.5960090702947847,test
data/raw/real/yt_0013_part_035.flac,0,real,youtube,yt_0013,6.27,test
data/raw/real/yt_0013_part_036.flac,0,real,youtube,yt_0013,4.969002267573696,test
data/raw/real/yt_0013_part_037.flac,0,real,youtube,yt_0013,4.522993197278912,test
data/raw/real/yt_0013_part_038.flac,0,real,youtube,yt_0013,6.734013605442177,test
data/raw/real/yt_0013_part_040.flac,0,real,youtube,yt_0013,9.218004535147392,test
data/raw/real/yt_0013_part_042.flac,0,real,youtube,yt_0013,3.893015873015873,test
data/raw/real/yt_0013_part_043.flac,0,real,youtube,yt_0013,5.787006802721089,test
data/raw/real/yt_0013_part_045.flac,0,real,youtube,yt_0013,4.100997732426304,test
data/raw/real/yt_0013_part_047.flac,0,real,youtube,yt_0013,6.520997732426304,test
data/raw/real/yt_0013_part_048.flac,0,real,youtube,yt_0013,4.962993197278911,test
data/raw/real/yt_0013_part_050.flac,0,real,youtube,yt_0013,3.2619954648526077,test
data/raw/real/yt_0013_part_051.flac,0,real,youtube,yt_0013,4.1060090702947845,test
data/raw/real/yt_0013_part_054.flac,0,real,youtube,yt_0013,4.043990929705215,test
data/raw/real/yt_0013_part_057.flac,0,real,youtube,yt_0013,3.190997732426304,test
data/raw/real/yt_0013_part_058.flac,0,real,youtube,yt_0013,6.257981859410431,test
data/raw/real/yt_0013_part_060.flac,0,real,youtube,yt_0013,4.237006802721089,test
data/raw/real/yt_0013_part_066.flac,0,real,youtube,yt_0013,5.776009070294784,test
data/raw/real/yt_0013_part_067.flac,0,real,youtube,yt_0013,3.5849886621315195,test
data/raw/real/yt_0013_part_068.flac,0,real,youtube,yt_0013,2.6150113378684807,test
data/raw/real/yt_0013_part_072.flac,0,real,youtube,yt_0013,5.507981859410431,test
data/raw/real/yt_0013_part_075.flac,0,real,youtube,yt_0013,4.531995464852607,test
data/raw/real/yt_0013_part_077.flac,0,real,youtube,yt_0013,4.2319954648526075,test
data/raw/real/yt_0013_part_078.flac,0,real,youtube,yt_0013,4.679002267573696,test
data/raw/real/yt_0013_part_080.flac,0,real,youtube,yt_0013,4.92,test
data/raw/real/yt_0013_part_083.flac,0,real,youtube,yt_0013,6.623990929705215,test
data/raw/real/yt_0013_part_084.flac,0,real,youtube,yt_0013,6.909002267573696,test
data/raw/real/yt_0013_part_087.flac,0,real,youtube,yt_0013,3.9180045351473924,test
data/raw/real/yt_0013_part_088.flac,0,real,youtube,yt_0013,3.79,test
data/raw/real/yt_0013_part_093.flac,0,real,youtube,yt_0013,3.379002267573696,test
data/raw/real/yt_0013_part_097.flac,0,real,youtube,yt_0013,8.56,test
data/raw/real/yt_0013_part_099.flac,0,real,youtube,yt_0013,4.332018140589569,test
data/raw/real/yt_0013_part_102.flac,0,real,youtube,yt_0013,2.65,test
data/raw/real/yt_0013_part_104.flac,0,real,youtube,yt_0013,4.891995464852608,test
data/raw/real/yt_0013_part_106.flac,0,real,youtube,yt_0013,3.5819954648526076,test
data/raw/real/yt_0013_part_107.flac,0,real,youtube,yt_0013,3.582018140589569,test
data/raw/fake/el_0001_c_part_002.flac,1,fake,elevenlabs,el_0001,3.612,train
data/raw/fake/el_0001_c_part_003.flac,1,fake,elevenlabs,el_0001,3.309,train
data/raw/fake/el_0001_c_part_004.flac,1,fake,elevenlabs,el_0001,3.679,train
data/raw/fake/el_0001_c_part_005.flac,1,fake,elevenlabs,el_0001,3.568,train
data/raw/fake/el_0001_part_001.flac,1,fake,elevenlabs,el_0001,3.934,train
data/raw/fake/el_0002_c_part_001.flac,1,fake,elevenlabs,el_0002,2.694,calibration
data/raw/fake/el_0003_c_part_004.flac,1,fake,elevenlabs,el_0003,3.303,calibration
data/raw/fake/el_0003_part_001.flac,1,fake,elevenlabs,el_0003,2.562,calibration
data/raw/fake/el_0003_part_002.flac,1,fake,elevenlabs,el_0003,2.564,calibration
data/raw/fake/el_0003_part_003.flac,1,fake,elevenlabs,el_0003,3.162,calibration
data/raw/fake/el_0004_c_part_001.flac,1,fake,elevenlabs,el_0004,3.824,val
data/raw/fake/el_0004_c_part_002.flac,1,fake,elevenlabs,el_0004,2.599,val
data/raw/fake/el_0004_c_part_003.flac,1,fake,elevenlabs,el_0004,4.118,val
data/raw/fake/el_0005_part_001.flac,1,fake,elevenlabs,el_0005,4.264,test
data/raw/fake/el_0005_part_002.flac,1,fake,elevenlabs,el_0005,3.133,test
data/raw/fake/el_0006_c_part_002.flac,1,fake,elevenlabs,el_0006,2.6,val
data/raw/fake/el_0006_c_part_003.flac,1,fake,elevenlabs,el_0006,3.517,val
data/raw/fake/el_0006_part_001.flac,1,fake,elevenlabs,el_0006,3.075,val
data/raw/fake/el_0007_c_part_001.flac,1,fake,elevenlabs,el_0007,4.045,val
data/raw/fake/el_0007_c_part_002.flac,1,fake,elevenlabs,el_0007,4.306,val
data/raw/fake/el_0008_c_part_003.flac,1,fake,elevenlabs,el_0008,4.048,val
data/raw/fake/el_0008_c_part_004.flac,1,fake,elevenlabs,el_0008,3.775,val
data/raw/fake/el_0008_c_part_005.flac,1,fake,elevenlabs,el_0008,2.692,val
data/raw/fake/el_0008_c_part_006.flac,1,fake,elevenlabs,el_0008,2.925,val
data/raw/fake/el_0008_part_001.flac,1,fake,elevenlabs,el_0008,4.249,val
data/raw/fake/el_0008_part_002.flac,1,fake,elevenlabs,el_0008,2.526,val
data/raw/fake/el_0009_c_part_004.flac,1,fake,elevenlabs,el_0009,2.593,train
data/raw/fake/el_0009_c_part_005.flac,1,fake,elevenlabs,el_0009,3.595,train
data/raw/fake/el_0009_c_part_006.flac,1,fake,elevenlabs,el_0009,3.571,train
data/raw/fake/el_0009_c_part_007.flac,1,fake,elevenlabs,el_0009,2.915,train
data/raw/fake/el_0009_c_part_008.flac,1,fake,elevenlabs,el_0009,3.712,train
data/raw/fake/el_0009_c_part_009.flac,1,fake,elevenlabs,el_0009,2.515,train
data/raw/fake/el_0009_c_part_010.flac,1,fake,elevenlabs,el_0009,3.324,train
data/raw/fake/el_0009_c_part_011.flac,1,fake,elevenlabs,el_0009,3.733,train
data/raw/fake/el_0009_c_part_012.flac,1,fake,elevenlabs,el_0009,3.228,train
data/raw/fake/el_0009_c_part_013.flac,1,fake,elevenlabs,el_0009,3.411,train
data/raw/fake/el_0009_c_part_014.flac,1,fake,elevenlabs,el_0009,3.775,train
data/raw/fake/el_0009_part_001.flac,1,fake,elevenlabs,el_0009,3.293,train
data/raw/fake/el_0009_part_002.flac,1,fake,elevenlabs,el_0009,2.591,train
data/raw/fake/el_0009_part_003.flac,1,fake,elevenlabs,el_0009,3.762,train
data/raw/fake/el_0010_c_part_005.flac,1,fake,elevenlabs,el_0010,2.673,train
data/raw/fake/el_0010_c_part_006.flac,1,fake,elevenlabs,el_0010,3.444,train
data/raw/fake/el_0010_c_part_007.flac,1,fake,elevenlabs,el_0010,2.588,train
data/raw/fake/el_0010_c_part_008.flac,1,fake,elevenlabs,el_0010,2.62,train
data/raw/fake/el_0010_c_part_009.flac,1,fake,elevenlabs,el_0010,3.513,train
data/raw/fake/el_0010_c_part_010.flac,1,fake,elevenlabs,el_0010,3.554,train
data/raw/fake/el_0010_c_part_011.flac,1,fake,elevenlabs,el_0010,3.19,train
data/raw/fake/el_0010_c_part_012.flac,1,fake,elevenlabs,el_0010,2.541,train
data/raw/fake/el_0010_c_part_013.flac,1,fake,elevenlabs,el_0010,3.261,train
data/raw/fake/el_0010_c_part_014.flac,1,fake,elevenlabs,el_0010,3.009,train
data/raw/fake/el_0010_c_part_015.flac,1,fake,elevenlabs,el_0010,2.9,train
data/raw/fake/el_0010_c_part_016.flac,1,fake,elevenlabs,el_0010,3.177,train
data/raw/fake/el_0010_c_part_017.flac,1,fake,elevenlabs,el_0010,3.195,train
data/raw/fake/el_0010_c_part_018.flac,1,fake,elevenlabs,el_0010,2.583,train
data/raw/fake/el_0010_c_part_019.flac,1,fake,elevenlabs,el_0010,3.07,train
data/raw/fake/el_0010_c_part_020.flac,1,fake,elevenlabs,el_0010,3.309,train
data/raw/fake/el_0010_c_part_021.flac,1,fake,elevenlabs,el_0010,3.527,train
data/raw/fake/el_0010_part_001.flac,1,fake,elevenlabs,el_0010,2.789,train
data/raw/fake/el_0010_part_002.flac,1,fake,elevenlabs,el_0010,3.175,train
data/raw/fake/el_0010_part_003.flac,1,fake,elevenlabs,el_0010,3.196,train
data/raw/fake/el_0010_part_004.flac,1,fake,elevenlabs,el_0010,2.758,train
data/raw/fake/el_0011_c_part_010.flac,1,fake,elevenlabs,el_0011,2.757,train
data/raw/fake/el_0011_c_part_011.flac,1,fake,elevenlabs,el_0011,3.238,train
data/raw/fake/el_0011_c_part_012.flac,1,fake,elevenlabs,el_0011,3.815,train
data/raw/fake/el_0011_c_part_013.flac,1,fake,elevenlabs,el_0011,3.089,train
data/raw/fake/el_0011_c_part_014.flac,1,fake,elevenlabs,el_0011,4.052,train
data/raw/fake/el_0011_c_part_015.flac,1,fake,elevenlabs,el_0011,4.445,train
data/raw/fake/el_0011_c_part_016.flac,1,fake,elevenlabs,el_0011,3.082,train
data/raw/fake/el_0011_c_part_017.flac,1,fake,elevenlabs,el_0011,3.64,train
data/raw/fake/el_0011_c_part_018.flac,1,fake,elevenlabs,el_0011,4.384,train
data/raw/fake/el_0011_part_001.flac,1,fake,elevenlabs,el_0011,5.99,train
data/raw/fake/el_0011_part_002.flac,1,fake,elevenlabs,el_0011,2.533,train
data/raw/fake/el_0011_part_003.flac,1,fake,elevenlabs,el_0011,4.219,train
data/raw/fake/el_0011_part_004.flac,1,fake,elevenlabs,el_0011,2.565,train
data/raw/fake/el_0011_part_005.flac,1,fake,elevenlabs,el_0011,2.648,train
data/raw/fake/el_0011_part_006.flac,1,fake,elevenlabs,el_0011,3.493,train
data/raw/fake/el_0011_part_007.flac,1,fake,elevenlabs,el_0011,3.863,train
data/raw/fake/el_0011_part_008.flac,1,fake,elevenlabs,el_0011,2.645,train
data/raw/fake/el_0011_part_009.flac,1,fake,elevenlabs,el_0011,3.693,train
data/raw/fake/el_0012_c_part_008.flac,1,fake,elevenlabs,el_0012,2.765,val
data/raw/fake/el_0012_c_part_009.flac,1,fake,elevenlabs,el_0012,3.2,val
data/raw/fake/el_0012_c_part_010.flac,1,fake,elevenlabs,el_0012,3.49,val
data/raw/fake/el_0012_c_part_011.flac,1,fake,elevenlabs,el_0012,3.271,val
data/raw/fake/el_0012_c_part_012.flac,1,fake,elevenlabs,el_0012,3.676,val
data/raw/fake/el_0012_part_001.flac,1,fake,elevenlabs,el_0012,5.928,val
data/raw/fake/el_0012_part_002.flac,1,fake,elevenlabs,el_0012,3.866,val
data/raw/fake/el_0012_part_003.flac,1,fake,elevenlabs,el_0012,3.454,val
data/raw/fake/el_0012_part_004.flac,1,fake,elevenlabs,el_0012,5.201,val
data/raw/fake/el_0012_part_005.flac,1,fake,elevenlabs,el_0012,3.173,val
data/raw/fake/el_0012_part_006.flac,1,fake,elevenlabs,el_0012,2.5,val
data/raw/fake/el_0012_part_007.flac,1,fake,elevenlabs,el_0012,2.97,val
data/raw/fake/el_0013_c_part_007.flac,1,fake,elevenlabs,el_0013,3.959,train
data/raw/fake/el_0013_c_part_008.flac,1,fake,elevenlabs,el_0013,2.746,train
data/raw/fake/el_0013_c_part_009.flac,1,fake,elevenlabs,el_0013,4.677,train
data/raw/fake/el_0013_c_part_010.flac,1,fake,elevenlabs,el_0013,4.022,train
data/raw/fake/el_0013_c_part_011.flac,1,fake,elevenlabs,el_0013,3.506,train
data/raw/fake/el_0013_c_part_012.flac,1,fake,elevenlabs,el_0013,3.13,train
data/raw/fake/el_0013_c_part_013.flac,1,fake,elevenlabs,el_0013,4.331,train
data/raw/fake/el_0013_c_part_014.flac,1,fake,elevenlabs,el_0013,3.191,train
data/raw/fake/el_0013_c_part_015.flac,1,fake,elevenlabs,el_0013,2.781,train
data/raw/fake/el_0013_c_part_016.flac,1,fake,elevenlabs,el_0013,3.026,train
data/raw/fake/el_0013_c_part_017.flac,1,fake,elevenlabs,el_0013,3.257,train
data/raw/fake/el_0013_c_part_018.flac,1,fake,elevenlabs,el_0013,3.306,train
data/raw/fake/el_0013_part_001.flac,1,fake,elevenlabs,el_0013,3.283,train
data/raw/fake/el_0013_part_002.flac,1,fake,elevenlabs,el_0013,3.349,train
data/raw/fake/el_0013_part_003.flac,1,fake,elevenlabs,el_0013,2.536,train
data/raw/fake/el_0013_part_004.flac,1,fake,elevenlabs,el_0013,3.883,train
data/raw/fake/el_0013_part_005.flac,1,fake,elevenlabs,el_0013,2.886,train
data/raw/fake/el_0013_part_006.flac,1,fake,elevenlabs,el_0013,3.278,train
data/raw/fake/el_0014_c_part_004.flac,1,fake,elevenlabs,el_0014,3.026,val
data/raw/fake/el_0014_c_part_005.flac,1,fake,elevenlabs,el_0014,3.812,val
data/raw/fake/el_0014_c_part_006.flac,1,fake,elevenlabs,el_0014,4.231,val
data/raw/fake/el_0014_c_part_007.flac,1,fake,elevenlabs,el_0014,2.614,val
data/raw/fake/el_0014_c_part_008.flac,1,fake,elevenlabs,el_0014,3.979,val
data/raw/fake/el_0014_c_part_009.flac,1,fake,elevenlabs,el_0014,2.915,val
data/raw/fake/el_0014_c_part_010.flac,1,fake,elevenlabs,el_0014,3.227,val
data/raw/fake/el_0014_c_part_011.flac,1,fake,elevenlabs,el_0014,2.997,val
data/raw/fake/el_0014_c_part_012.flac,1,fake,elevenlabs,el_0014,3.064,val
data/raw/fake/el_0014_c_part_013.flac,1,fake,elevenlabs,el_0014,3.653,val
data/raw/fake/el_0014_part_001.flac,1,fake,elevenlabs,el_0014,3.361,val
data/raw/fake/el_0014_part_002.flac,1,fake,elevenlabs,el_0014,2.553,val
data/raw/fake/el_0014_part_003.flac,1,fake,elevenlabs,el_0014,2.803,val
data/raw/fake/el_0015_c_part_009.flac,1,fake,elevenlabs,el_0015,3.697,train
data/raw/fake/el_0015_c_part_010.flac,1,fake,elevenlabs,el_0015,3.107,train
data/raw/fake/el_0015_c_part_011.flac,1,fake,elevenlabs,el_0015,2.553,train
data/raw/fake/el_0015_c_part_012.flac,1,fake,elevenlabs,el_0015,4.304,train
data/raw/fake/el_0015_c_part_013.flac,1,fake,elevenlabs,el_0015,2.866,train
data/raw/fake/el_0015_c_part_014.flac,1,fake,elevenlabs,el_0015,3.105,train
data/raw/fake/el_0015_c_part_015.flac,1,fake,elevenlabs,el_0015,3.71,train
data/raw/fake/el_0015_c_part_016.flac,1,fake,elevenlabs,el_0015,3.339,train
data/raw/fake/el_0015_c_part_017.flac,1,fake,elevenlabs,el_0015,2.815,train
data/raw/fake/el_0015_c_part_018.flac,1,fake,elevenlabs,el_0015,2.869,train
data/raw/fake/el_0015_c_part_019.flac,1,fake,elevenlabs,el_0015,3.952,train
data/raw/fake/el_0015_c_part_020.flac,1,fake,elevenlabs,el_0015,3.932,train
data/raw/fake/el_0015_c_part_021.flac,1,fake,elevenlabs,el_0015,4.328,train
data/raw/fake/el_0015_c_part_022.flac,1,fake,elevenlabs,el_0015,2.948,train
data/raw/fake/el_0015_c_part_023.flac,1,fake,elevenlabs,el_0015,3.007,train
data/raw/fake/el_0015_c_part_024.flac,1,fake,elevenlabs,el_0015,3.348,train
data/raw/fake/el_0015_c_part_025.flac,1,fake,elevenlabs,el_0015,3.883,train
data/raw/fake/el_0015_c_part_026.flac,1,fake,elevenlabs,el_0015,2.868,train
data/raw/fake/el_0015_part_001.flac,1,fake,elevenlabs,el_0015,2.952,train
data/raw/fake/el_0015_part_002.flac,1,fake,elevenlabs,el_0015,3.153,train
data/raw/fake/el_0015_part_003.flac,1,fake,elevenlabs,el_0015,2.55,train
data/raw/fake/el_0015_part_004.flac,1,fake,elevenlabs,el_0015,2.846,train
data/raw/fake/el_0015_part_005.flac,1,fake,elevenlabs,el_0015,2.752,train
data/raw/fake/el_0015_part_006.flac,1,fake,elevenlabs,el_0015,2.777,train
data/raw/fake/el_0015_part_007.flac,1,fake,elevenlabs,el_0015,3.217,train
data/raw/fake/el_0015_part_008.flac,1,fake,elevenlabs,el_0015,3.325,train
data/raw/fake/el_0016_part_001.flac,1,fake,elevenlabs,el_0016,4.903,test
data/raw/fake/el_0017_c_part_002.flac,1,fake,elevenlabs,el_0017,3.188,calibration
data/raw/fake/el_0017_c_part_003.flac,1,fake,elevenlabs,el_0017,3.348,calibration
data/raw/fake/el_0017_part_001.flac,1,fake,elevenlabs,el_0017,2.751,calibration
data/raw/fake/el_0018_c_part_001.flac,1,fake,elevenlabs,el_0018,3.834,train
data/raw/fake/el_0018_c_part_002.flac,1,fake,elevenlabs,el_0018,3.515,train
data/raw/fake/el_0019_c_part_002.flac,1,fake,elevenlabs,el_0019,3.893,calibration
data/raw/fake/el_0019_c_part_003.flac,1,fake,elevenlabs,el_0019,3.596,calibration
data/raw/fake/el_0019_part_001.flac,1,fake,elevenlabs,el_0019,3.327,calibration
data/raw/fake/el_0020_c_part_002.flac,1,fake,elevenlabs,el_0020,3.758,test
data/raw/fake/el_0020_part_001.flac,1,fake,elevenlabs,el_0020,3.369,test
data/raw/fake/el_0021_c_part_002.flac,1,fake,elevenlabs,el_0021,3.758,test
data/raw/fake/el_0021_part_001.flac,1,fake,elevenlabs,el_0021,3.369,test
data/raw/fake/el_0022_c_part_002.flac,1,fake,elevenlabs,el_0022,3.728,train
data/raw/fake/el_0022_part_001.flac,1,fake,elevenlabs,el_0022,3.926,train
data/raw/fake/el_0023_part_001.flac,1,fake,elevenlabs,el_0023,2.738,train
data/raw/fake/el_0023_part_002.flac,1,fake,elevenlabs,el_0023,3.836,train
data/raw/fake/el_0024_part_001.flac,1,fake,elevenlabs,el_0024,3.033,train
data/raw/fake/el_0024_part_002.flac,1,fake,elevenlabs,el_0024,3.742,train
data/raw/fake/el_0024_part_003.flac,1,fake,elevenlabs,el_0024,4.175,train
data/raw/fake/el_0024_part_004.flac,1,fake,elevenlabs,el_0024,8.328,train
data/raw/fake/el_0025_part_001.flac,1,fake,elevenlabs,el_0025,3.75,calibration
data/raw/fake/el_0026_part_001.flac,1,fake,elevenlabs,el_0026,7.131,val
data/raw/fake/el_0027_part_001.flac,1,fake,elevenlabs,el_0027,2.769,val
data/raw/fake/el_0028_part_001.flac,1,fake,elevenlabs,el_0028,2.903,train
data/raw/fake/hg_0001_c_part_005.flac,1,fake,kokoro,hg_0001,3.375,test
data/raw/fake/hg_0001_part_001.flac,1,fake,kokoro,hg_0001,6.453,test
data/raw/fake/hg_0001_part_002.flac,1,fake,kokoro,hg_0001,3.076,test
data/raw/fake/hg_0001_part_003.flac,1,fake,kokoro,hg_0001,3.511,test
data/raw/fake/hg_0001_part_004.flac,1,fake,kokoro,hg_0001,3.332,test
data/raw/fake/hg_0002_c_part_006.flac,1,fake,kokoro,hg_0002,3.662,test
data/raw/fake/hg_0002_part_001.flac,1,fake,kokoro,hg_0002,10.33,test
data/raw/fake/hg_0002_part_002.flac,1,fake,kokoro,hg_0002,5.182,test
data/raw/fake/hg_0002_part_003.flac,1,fake,kokoro,hg_0002,4.703,test
data/raw/fake/hg_0002_part_004.flac,1,fake,kokoro,hg_0002,3.041,test
data/raw/fake/hg_0002_part_005.flac,1,fake,kokoro,hg_0002,2.979,test
data/raw/fake/hg_0003_c_part_004.flac,1,fake,kokoro,hg_0003,3.903,test
data/raw/fake/hg_0003_part_001.flac,1,fake,kokoro,hg_0003,5.995,test
data/raw/fake/hg_0003_part_002.flac,1,fake,kokoro,hg_0003,7.576,test
data/raw/fake/hg_0003_part_003.flac,1,fake,kokoro,hg_0003,3.54,test
data/raw/fake/hg_0004_c_part_004.flac,1,fake,kokoro,hg_0004,4.362,test
data/raw/fake/hg_0004_c_part_005.flac,1,fake,kokoro,hg_0004,3.534,test
data/raw/fake/hg_0004_part_001.flac,1,fake,kokoro,hg_0004,4.142,test
data/raw/fake/hg_0004_part_002.flac,1,fake,kokoro,hg_0004,5.727,test
data/raw/fake/hg_0004_part_003.flac,1,fake,kokoro,hg_0004,2.68,test
data/raw/fake/hg_0005_c_part_006.flac,1,fake,kokoro,hg_0005,3.711,test
data/raw/fake/hg_0005_part_001.flac,1,fake,kokoro,hg_0005,4.613,test
data/raw/fake/hg_0005_part_002.flac,1,fake,kokoro,hg_0005,3.241,test
data/raw/fake/hg_0005_part_003.flac,1,fake,kokoro,hg_0005,3.693,test
data/raw/fake/hg_0005_part_004.flac,1,fake,kokoro,hg_0005,2.61,test
data/raw/fake/hg_0005_part_005.flac,1,fake,kokoro,hg_0005,3.54,test
data/raw/fake/hg_0006_c_part_005.flac,1,fake,kokoro,hg_0006,3.139,test
data/raw/fake/hg_0006_c_part_006.flac,1,fake,kokoro,hg_0006,4.403,test
data/raw/fake/hg_0006_part_001.flac,1,fake,kokoro,hg_0006,2.622,test
data/raw/fake/hg_0006_part_002.flac,1,fake,kokoro,hg_0006,2.935,test
data/raw/fake/hg_0006_part_003.flac,1,fake,kokoro,hg_0006,3.225,test
data/raw/fake/hg_0006_part_004.flac,1,fake,kokoro,hg_0006,5.73,test
data/raw/fake/hg_0007_part_001.flac,1,fake,kokoro,hg_0007,5.538,test
data/raw/fake/hg_0007_part_002.flac,1,fake,kokoro,hg_0007,4.547,test
data/raw/fake/hg_0007_part_003.flac,1,fake,kokoro,hg_0007,6.646,test
data/raw/fake/hg_0008_c_part_005.flac,1,fake,kokoro,hg_0008,3.163,test
data/raw/fake/hg_0008_part_001.flac,1,fake,kokoro,hg_0008,5.939,test
data/raw/fake/hg_0008_part_002.flac,1,fake,kokoro,hg_0008,2.969,test
data/raw/fake/hg_0008_part_003.flac,1,fake,kokoro,hg_0008,2.975,test
data/raw/fake/hg_0008_part_004.flac,1,fake,kokoro,hg_0008,2.867,test
data/raw/fake/hg_0009_c_part_004.flac,1,fake,kokoro,hg_0009,3.782,test
data/raw/fake/hg_0009_c_part_005.flac,1,fake,kokoro,hg_0009,3.545,test
data/raw/fake/hg_0009_c_part_006.flac,1,fake,kokoro,hg_0009,3.368,test
data/raw/fake/hg_0009_part_001.flac,1,fake,kokoro,hg_0009,11.571,test
data/raw/fake/hg_0009_part_002.flac,1,fake,kokoro,hg_0009,5.661,test
data/raw/fake/hg_0009_part_003.flac,1,fake,kokoro,hg_0009,5.257,test
data/raw/fake/hg_0010_c_part_005.flac,1,fake,kokoro,hg_0010,2.648,test
data/raw/fake/hg_0010_part_001.flac,1,fake,kokoro,hg_0010,4.418,test
data/raw/fake/hg_0010_part_002.flac,1,fake,kokoro,hg_0010,3.32,test
data/raw/fake/hg_0010_part_003.flac,1,fake,kokoro,hg_0010,5.094,test
data/raw/fake/hg_0010_part_004.flac,1,fake,kokoro,hg_0010,3.759,test
data/raw/fake/hg_0011_c_part_005.flac,1,fake,kokoro,hg_0011,3.373,test
data/raw/fake/hg_0011_part_001.flac,1,fake,kokoro,hg_0011,4.529,test
data/raw/fake/hg_0011_part_002.flac,1,fake,kokoro,hg_0011,4.461,test
data/raw/fake/hg_0011_part_003.flac,1,fake,kokoro,hg_0011,3.373,test
data/raw/fake/hg_0011_part_004.flac,1,fake,kokoro,hg_0011,4.386,test
data/raw/fake/hg_0012_c_part_006.flac,1,fake,kokoro,hg_0012,4.445,test
data/raw/fake/hg_0012_part_001.flac,1,fake,kokoro,hg_0012,9.908,test
data/raw/fake/hg_0012_part_002.flac,1,fake,kokoro,hg_0012,2.671,test
data/raw/fake/hg_0012_part_003.flac,1,fake,kokoro,hg_0012,3.43,test
data/raw/fake/hg_0012_part_004.flac,1,fake,kokoro,hg_0012,4.711,test
data/raw/fake/hg_0012_part_005.flac,1,fake,kokoro,hg_0012,2.713,test
data/raw/fake/hg_0013_c_part_005.flac,1,fake,kokoro,hg_0013,3.129,test
data/raw/fake/hg_0013_c_part_006.flac,1,fake,kokoro,hg_0013,3.163,test
data/raw/fake/hg_0013_part_001.flac,1,fake,kokoro,hg_0013,5.432,test
data/raw/fake/hg_0013_part_002.flac,1,fake,kokoro,hg_0013,3.411,test
data/raw/fake/hg_0013_part_003.flac,1,fake,kokoro,hg_0013,5.851,test
data/raw/fake/hg_0013_part_004.flac,1,fake,kokoro,hg_0013,2.674,test
data/raw/fake/hu_0001_c_part_012.flac,1,fake,hume,hu_0001,3.321,test
data/raw/fake/hu_0001_c_part_013.flac,1,fake,hume,hu_0001,2.567,test
data/raw/fake/hu_0001_c_part_014.flac,1,fake,hume,hu_0001,4.061,test
data/raw/fake/hu_0001_c_part_015.flac,1,fake,hume,hu_0001,3.065,test
data/raw/fake/hu_0001_part_001.flac,1,fake,hume,hu_0001,8.831,test
data/raw/fake/hu_0001_part_002.flac,1,fake,hume,hu_0001,3.689,test
data/raw/fake/hu_0001_part_003.flac,1,fake,hume,hu_0001,8.691,test
data/raw/fake/hu_0001_part_004.flac,1,fake,hume,hu_0001,3.631,test
data/raw/fake/hu_0001_part_005.flac,1,fake,hume,hu_0001,2.846,test
data/raw/fake/hu_0001_part_006.flac,1,fake,hume,hu_0001,2.618,test
data/raw/fake/hu_0001_part_007.flac,1,fake,hume,hu_0001,3.253,test
data/raw/fake/hu_0001_part_008.flac,1,fake,hume,hu_0001,2.661,test
data/raw/fake/hu_0001_part_009.flac,1,fake,hume,hu_0001,4.137,test
data/raw/fake/hu_0001_part_010.flac,1,fake,hume,hu_0001,3.79,test
data/raw/fake/hu_0001_part_011.flac,1,fake,hume,hu_0001,2.911,test
data/raw/fake/hu_0002_c_part_011.flac,1,fake,hume,hu_0002,2.933,test
data/raw/fake/hu_0002_c_part_012.flac,1,fake,hume,hu_0002,3.802,test
data/raw/fake/hu_0002_c_part_013.flac,1,fake,hume,hu_0002,2.698,test
data/raw/fake/hu_0002_part_001.flac,1,fake,hume,hu_0002,4.795,test
data/raw/fake/hu_0002_part_002.flac,1,fake,hume,hu_0002,3.735,test
data/raw/fake/hu_0002_part_003.flac,1,fake,hume,hu_0002,3.169,test
data/raw/fake/hu_0002_part_004.flac,1,fake,hume,hu_0002,2.605,test
data/raw/fake/hu_0002_part_005.flac,1,fake,hume,hu_0002,4.97,test
data/raw/fake/hu_0002_part_006.flac,1,fake,hume,hu_0002,4.104,test
data/raw/fake/hu_0002_part_007.flac,1,fake,hume,hu_0002,3.067,test
data/raw/fake/hu_0002_part_008.flac,1,fake,hume,hu_0002,3.409,test
data/raw/fake/hu_0002_part_009.flac,1,fake,hume,hu_0002,2.904,test
data/raw/fake/hu_0002_part_010.flac,1,fake,hume,hu_0002,4.488,test
data/raw/fake/hu_0003_c_part_003.flac,1,fake,hume,hu_0003,4.437,test
data/raw/fake/hu_0003_c_part_004.flac,1,fake,hume,hu_0003,4.397,test
data/raw/fake/hu_0003_c_part_005.flac,1,fake,hume,hu_0003,3.964,test
data/raw/fake/hu_0003_c_part_006.flac,1,fake,hume,hu_0003,4.32,test
data/raw/fake/hu_0003_c_part_007.flac,1,fake,hume,hu_0003,4.227,test
data/raw/fake/hu_0003_part_001.flac,1,fake,hume,hu_0003,2.577,test
data/raw/fake/hu_0003_part_002.flac,1,fake,hume,hu_0003,2.543,test
data/raw/fake/hu_0004_c_part_012.flac,1,fake,hume,hu_0004,4.253,test
data/raw/fake/hu_0004_c_part_013.flac,1,fake,hume,hu_0004,2.741,test
data/raw/fake/hu_0004_c_part_014.flac,1,fake,hume,hu_0004,3.455,test
data/raw/fake/hu_0004_c_part_015.flac,1,fake,hume,hu_0004,3.06,test
data/raw/fake/hu_0004_c_part_016.flac,1,fake,hume,hu_0004,2.68,test
data/raw/fake/hu_0004_c_part_017.flac,1,fake,hume,hu_0004,3.241,test
data/raw/fake/hu_0004_c_part_018.flac,1,fake,hume,hu_0004,3.436,test
data/raw/fake/hu_0004_part_001.flac,1,fake,hume,hu_0004,4.222,test
data/raw/fake/hu_0004_part_002.flac,1,fake,hume,hu_0004,5.25,test
data/raw/fake/hu_0004_part_003.flac,1,fake,hume,hu_0004,2.552,test
data/raw/fake/hu_0004_part_004.flac,1,fake,hume,hu_0004,2.961,test
data/raw/fake/hu_0004_part_005.flac,1,fake,hume,hu_0004,2.954,test
data/raw/fake/hu_0004_part_006.flac,1,fake,hume,hu_0004,3.375,test
data/raw/fake/hu_0004_part_007.flac,1,fake,hume,hu_0004,5.375,test
data/raw/fake/hu_0004_part_008.flac,1,fake,hume,hu_0004,3.723,test
data/raw/fake/hu_0004_part_009.flac,1,fake,hume,hu_0004,2.826,test
data/raw/fake/hu_0004_part_010.flac,1,fake,hume,hu_0004,2.864,test
data/raw/fake/hu_0004_part_011.flac,1,fake,hume,hu_0004,3.986,test
data/raw/fake/hu_0005_c_part_012.flac,1,fake,hume,hu_0005,3.212,test
data/raw/fake/hu_0005_c_part_013.flac,1,fake,hume,hu_0005,4.155,test
data/raw/fake/hu_0005_c_part_014.flac,1,fake,hume,hu_0005,2.744,test
data/raw/fake/hu_0005_c_part_015.flac,1,fake,hume,hu_0005,3.199,test
data/raw/fake/hu_0005_c_part_016.flac,1,fake,hume,hu_0005,2.719,test
data/raw/fake/hu_0005_c_part_017.flac,1,fake,hume,hu_0005,3.137,test
data/raw/fake/hu_0005_c_part_018.flac,1,fake,hume,hu_0005,3.604,test
data/raw/fake/hu_0005_part_001.flac,1,fake,hume,hu_0005,4.522,test
data/raw/fake/hu_0005_part_002.flac,1,fake,hume,hu_0005,4.252,test
data/raw/fake/hu_0005_part_003.flac,1,fake,hume,hu_0005,4.999,test
data/raw/fake/hu_0005_part_004.flac,1,fake,hume,hu_0005,2.754,test
data/raw/fake/hu_0005_part_005.flac,1,fake,hume,hu_0005,3.432,test
data/raw/fake/hu_0005_part_006.flac,1,fake,hume,hu_0005,3.376,test
data/raw/fake/hu_0005_part_007.flac,1,fake,hume,hu_0005,2.702,test
data/raw/fake/hu_0005_part_008.flac,1,fake,hume,hu_0005,3.509,test
data/raw/fake/hu_0005_part_009.flac,1,fake,hume,hu_0005,2.802,test
data/raw/fake/hu_0005_part_010.flac,1,fake,hume,hu_0005,2.779,test
data/raw/fake/hu_0005_part_011.flac,1,fake,hume,hu_0005,4.304,test
data/raw/fake/hu_0006_c_part_006.flac,1,fake,hume,hu_0006,4.413,test
data/raw/fake/hu_0006_part_001.flac,1,fake,hume,hu_0006,7.781,test
data/raw/fake/hu_0006_part_002.flac,1,fake,hume,hu_0006,7.583,test
data/raw/fake/hu_0006_part_003.flac,1,fake,hume,hu_0006,3.004,test
data/raw/fake/hu_0006_part_004.flac,1,fake,hume,hu_0006,3.136,test
data/raw/fake/hu_0006_part_005.flac,1,fake,hume,hu_0006,2.724,test
data/raw/fake/hu_0007_c_part_005.flac,1,fake,hume,hu_0007,4.213,test
data/raw/fake/hu_0007_c_part_006.flac,1,fake,hume,hu_0007,4.482,test
data/raw/fake/hu_0007_c_part_007.flac,1,fake,hume,hu_0007,4.7,test
data/raw/fake/hu_0007_c_part_008.flac,1,fake,hume,hu_0007,4.008,test
data/raw/fake/hu_0007_part_001.flac,1,fake,hume,hu_0007,4.441,test
data/raw/fake/hu_0007_part_002.flac,1,fake,hume,hu_0007,2.742,test
data/raw/fake/hu_0007_part_003.flac,1,fake,hume,hu_0007,5.55,test
data/raw/fake/hu_0007_part_004.flac,1,fake,hume,hu_0007,3.378,test
data/raw/fake/hu_0008_c_part_004.flac,1,fake,hume,hu_0008,2.956,test
data/raw/fake/hu_0008_c_part_005.flac,1,fake,hume,hu_0008,3.785,test
data/raw/fake/hu_0008_c_part_006.flac,1,fake,hume,hu_0008,3.1,test
data/raw/fake/hu_0008_c_part_007.flac,1,fake,hume,hu_0008,4.409,test
data/raw/fake/hu_0008_c_part_008.flac,1,fake,hume,hu_0008,3.099,test
data/raw/fake/hu_0008_c_part_009.flac,1,fake,hume,hu_0008,2.925,test
data/raw/fake/hu_0008_c_part_010.flac,1,fake,hume,hu_0008,2.686,test
data/raw/fake/hu_0008_c_part_011.flac,1,fake,hume,hu_0008,3.402,test
data/raw/fake/hu_0008_c_part_012.flac,1,fake,hume,hu_0008,2.531,test
data/raw/fake/hu_0008_c_part_013.flac,1,fake,hume,hu_0008,3.772,test
data/raw/fake/hu_0008_c_part_014.flac,1,fake,hume,hu_0008,2.735,test
data/raw/fake/hu_0008_c_part_015.flac,1,fake,hume,hu_0008,3.359,test
data/raw/fake/hu_0008_c_part_016.flac,1,fake,hume,hu_0008,3.587,test
data/raw/fake/hu_0008_c_part_017.flac,1,fake,hume,hu_0008,3.269,test
data/raw/fake/hu_0008_c_part_018.flac,1,fake,hume,hu_0008,2.598,test
data/raw/fake/hu_0008_part_001.flac,1,fake,hume,hu_0008,2.76,test
data/raw/fake/hu_0008_part_002.flac,1,fake,hume,hu_0008,3.778,test
data/raw/fake/hu_0008_part_003.flac,1,fake,hume,hu_0008,2.535,test
data/raw/fake/hu_0009_c_part_010.flac,1,fake,hume,hu_0009,4.111,test
data/raw/fake/hu_0009_c_part_011.flac,1,fake,hume,hu_0009,3.713,test
data/raw/fake/hu_0009_c_part_012.flac,1,fake,hume,hu_0009,4.288,test
data/raw/fake/hu_0009_c_part_013.flac,1,fake,hume,hu_0009,4.054,test
data/raw/fake/hu_0009_part_001.flac,1,fake,hume,hu_0009,4.313,test
data/raw/fake/hu_0009_part_002.flac,1,fake,hume,hu_0009,3.633,test
data/raw/fake/hu_0009_part_003.flac,1,fake,hume,hu_0009,3.006,test
data/raw/fake/hu_0009_part_004.flac,1,fake,hume,hu_0009,2.682,test
data/raw/fake/hu_0009_part_005.flac,1,fake,hume,hu_0009,3.038,test
data/raw/fake/hu_0009_part_006.flac,1,fake,hume,hu_0009,4.164,test
data/raw/fake/hu_0009_part_007.flac,1,fake,hume,hu_0009,3.175,test
data/raw/fake/hu_0009_part_008.flac,1,fake,hume,hu_0009,3.547,test
data/raw/fake/hu_0009_part_009.flac,1,fake,hume,hu_0009,2.535,test
data/raw/fake/lv_0001_c_part_018.flac,1,fake,luvvoice,lv_0001,2.919,train
data/raw/fake/lv_0001_c_part_019.flac,1,fake,luvvoice,lv_0001,3.145,train
data/raw/fake/lv_0001_c_part_020.flac,1,fake,luvvoice,lv_0001,4.337,train
data/raw/fake/lv_0001_c_part_021.flac,1,fake,luvvoice,lv_0001,3.779,train
data/raw/fake/lv_0001_c_part_022.flac,1,fake,luvvoice,lv_0001,2.703,train
data/raw/fake/lv_0001_c_part_023.flac,1,fake,luvvoice,lv_0001,4.139,train
data/raw/fake/lv_0001_c_part_024.flac,1,fake,luvvoice,lv_0001,3.021,train
data/raw/fake/lv_0001_c_part_025.flac,1,fake,luvvoice,lv_0001,4.297,train
data/raw/fake/lv_0001_c_part_026.flac,1,fake,luvvoice,lv_0001,2.848,train
data/raw/fake/lv_0001_part_001.flac,1,fake,luvvoice,lv_0001,3.225,train
data/raw/fake/lv_0001_part_002.flac,1,fake,luvvoice,lv_0001,5.171,train
data/raw/fake/lv_0001_part_003.flac,1,fake,luvvoice,lv_0001,2.976,train
data/raw/fake/lv_0001_part_004.flac,1,fake,luvvoice,lv_0001,8.052,train
data/raw/fake/lv_0001_part_005.flac,1,fake,luvvoice,lv_0001,4.287,train
data/raw/fake/lv_0001_part_006.flac,1,fake,luvvoice,lv_0001,4.398,train
data/raw/fake/lv_0001_part_007.flac,1,fake,luvvoice,lv_0001,2.71,train
data/raw/fake/lv_0001_part_008.flac,1,fake,luvvoice,lv_0001,5.497,train
data/raw/fake/lv_0001_part_009.flac,1,fake,luvvoice,lv_0001,2.72,train
data/raw/fake/lv_0001_part_010.flac,1,fake,luvvoice,lv_0001,4.798,train
data/raw/fake/lv_0001_part_011.flac,1,fake,luvvoice,lv_0001,5.312,train
data/raw/fake/lv_0001_part_012.flac,1,fake,luvvoice,lv_0001,3.341,train
data/raw/fake/lv_0001_part_013.flac,1,fake,luvvoice,lv_0001,3.224,train
data/raw/fake/lv_0001_part_014.flac,1,fake,luvvoice,lv_0001,4.681,train
data/raw/fake/lv_0001_part_015.flac,1,fake,luvvoice,lv_0001,4.504,train
data/raw/fake/lv_0001_part_016.flac,1,fake,luvvoice,lv_0001,2.858,train
data/raw/fake/lv_0001_part_017.flac,1,fake,luvvoice,lv_0001,5.861,train
data/raw/fake/lv_0002_c_part_010.flac,1,fake,luvvoice,lv_0002,2.73,train
data/raw/fake/lv_0002_c_part_011.flac,1,fake,luvvoice,lv_0002,3.888,train
data/raw/fake/lv_0002_c_part_012.flac,1,fake,luvvoice,lv_0002,4.09,train
data/raw/fake/lv_0002_c_part_013.flac,1,fake,luvvoice,lv_0002,3.788,train
data/raw/fake/lv_0002_c_part_014.flac,1,fake,luvvoice,lv_0002,4.327,train
data/raw/fake/lv_0002_c_part_015.flac,1,fake,luvvoice,lv_0002,4.059,train
data/raw/fake/lv_0002_c_part_016.flac,1,fake,luvvoice,lv_0002,3.227,train
data/raw/fake/lv_0002_c_part_017.flac,1,fake,luvvoice,lv_0002,4.085,train
data/raw/fake/lv_0002_c_part_018.flac,1,fake,luvvoice,lv_0002,3.499,train
data/raw/fake/lv_0002_c_part_019.flac,1,fake,luvvoice,lv_0002,3.862,train
data/raw/fake/lv_0002_c_part_020.flac,1,fake,luvvoice,lv_0002,3.215,train
data/raw/fake/lv_0002_c_part_021.flac,1,fake,luvvoice,lv_0002,3.672,train
data/raw/fake/lv_0002_c_part_022.flac,1,fake,luvvoice,lv_0002,3.459,train
data/raw/fake/lv_0002_c_part_023.flac,1,fake,luvvoice,lv_0002,3.692,train
data/raw/fake/lv_0002_c_part_024.flac,1,fake,luvvoice,lv_0002,2.868,train
data/raw/fake/lv_0002_part_001.flac,1,fake,luvvoice,lv_0002,3.242,train
data/raw/fake/lv_0002_part_002.flac,1,fake,luvvoice,lv_0002,3.108,train
data/raw/fake/lv_0002_part_003.flac,1,fake,luvvoice,lv_0002,4.657,train
data/raw/fake/lv_0002_part_004.flac,1,fake,luvvoice,lv_0002,3.385,train
data/raw/fake/lv_0002_part_005.flac,1,fake,luvvoice,lv_0002,3.15,train
data/raw/fake/lv_0002_part_006.flac,1,fake,luvvoice,lv_0002,2.545,train
data/raw/fake/lv_0002_part_007.flac,1,fake,luvvoice,lv_0002,3.269,train
data/raw/fake/lv_0002_part_008.flac,1,fake,luvvoice,lv_0002,2.891,train
data/raw/fake/lv_0002_part_009.flac,1,fake,luvvoice,lv_0002,3.193,train
data/raw/fake/lv_0003_c_part_013.flac,1,fake,luvvoice,lv_0003,3.825,train
data/raw/fake/lv_0003_c_part_014.flac,1,fake,luvvoice,lv_0003,3.268,train
data/raw/fake/lv_0003_c_part_015.flac,1,fake,luvvoice,lv_0003,3.888,train
data/raw/fake/lv_0003_c_part_016.flac,1,fake,luvvoice,lv_0003,2.814,train
data/raw/fake/lv_0003_c_part_017.flac,1,fake,luvvoice,lv_0003,2.769,train
data/raw/fake/lv_0003_c_part_018.flac,1,fake,luvvoice,lv_0003,3.607,train
data/raw/fake/lv_0003_c_part_019.flac,1,fake,luvvoice,lv_0003,3.682,train
data/raw/fake/lv_0003_c_part_020.flac,1,fake,luvvoice,lv_0003,3.731,train
data/raw/fake/lv_0003_c_part_021.flac,1,fake,luvvoice,lv_0003,3.995,train
data/raw/fake/lv_0003_c_part_022.flac,1,fake,luvvoice,lv_0003,2.765,train
data/raw/fake/lv_0003_c_part_023.flac,1,fake,luvvoice,lv_0003,2.918,train
data/raw/fake/lv_0003_part_001.flac,1,fake,luvvoice,lv_0003,3.343,train
data/raw/fake/lv_0003_part_002.flac,1,fake,luvvoice,lv_0003,4.736,train
data/raw/fake/lv_0003_part_003.flac,1,fake,luvvoice,lv_0003,3.655,train
data/raw/fake/lv_0003_part_004.flac,1,fake,luvvoice,lv_0003,4.207,train
data/raw/fake/lv_0003_part_005.flac,1,fake,luvvoice,lv_0003,2.587,train
data/raw/fake/lv_0003_part_006.flac,1,fake,luvvoice,lv_0003,4.408,train
data/raw/fake/lv_0003_part_007.flac,1,fake,luvvoice,lv_0003,4.912,train
data/raw/fake/lv_0003_part_008.flac,1,fake,luvvoice,lv_0003,5.173,train
data/raw/fake/lv_0003_part_009.flac,1,fake,luvvoice,lv_0003,3.308,train
data/raw/fake/lv_0003_part_010.flac,1,fake,luvvoice,lv_0003,3.731,train
data/raw/fake/lv_0003_part_011.flac,1,fake,luvvoice,lv_0003,2.717,train
data/raw/fake/lv_0003_part_012.flac,1,fake,luvvoice,lv_0003,4.316,train
data/raw/fake/lv_0004_c_part_021.flac,1,fake,luvvoice,lv_0004,3.481,train
data/raw/fake/lv_0004_c_part_022.flac,1,fake,luvvoice,lv_0004,3.332,train
data/raw/fake/lv_0004_c_part_023.flac,1,fake,luvvoice,lv_0004,2.96,train
data/raw/fake/lv_0004_c_part_024.flac,1,fake,luvvoice,lv_0004,3.42,train
data/raw/fake/lv_0004_c_part_025.flac,1,fake,luvvoice,lv_0004,3.347,train
data/raw/fake/lv_0004_c_part_026.flac,1,fake,luvvoice,lv_0004,3.485,train
data/raw/fake/lv_0004_c_part_027.flac,1,fake,luvvoice,lv_0004,4.031,train
data/raw/fake/lv_0004_c_part_028.flac,1,fake,luvvoice,lv_0004,2.979,train
data/raw/fake/lv_0004_c_part_029.flac,1,fake,luvvoice,lv_0004,4.222,train
data/raw/fake/lv_0004_part_001.flac,1,fake,luvvoice,lv_0004,2.921,train
data/raw/fake/lv_0004_part_002.flac,1,fake,luvvoice,lv_0004,3.215,train
data/raw/fake/lv_0004_part_003.flac,1,fake,luvvoice,lv_0004,2.771,train
data/raw/fake/lv_0004_part_004.flac,1,fake,luvvoice,lv_0004,4.499,train
data/raw/fake/lv_0004_part_005.flac,1,fake,luvvoice,lv_0004,3.105,train
data/raw/fake/lv_0004_part_006.flac,1,fake,luvvoice,lv_0004,3.3,train
data/raw/fake/lv_0004_part_007.flac,1,fake,luvvoice,lv_0004,4.271,train
data/raw/fake/lv_0004_part_008.flac,1,fake,luvvoice,lv_0004,4.801,train
data/raw/fake/lv_0004_part_009.flac,1,fake,luvvoice,lv_0004,4.179,train
data/raw/fake/lv_0004_part_010.flac,1,fake,luvvoice,lv_0004,2.83,train
data/raw/fake/lv_0004_part_011.flac,1,fake,luvvoice,lv_0004,3.082,train
data/raw/fake/lv_0004_part_012.flac,1,fake,luvvoice,lv_0004,3.093,train
data/raw/fake/lv_0004_part_013.flac,1,fake,luvvoice,lv_0004,3.676,train
data/raw/fake/lv_0004_part_014.flac,1,fake,luvvoice,lv_0004,5.139,train
data/raw/fake/lv_0004_part_015.flac,1,fake,luvvoice,lv_0004,5.735,train
data/raw/fake/lv_0004_part_016.flac,1,fake,luvvoice,lv_0004,7.224,train
data/raw/fake/lv_0004_part_017.flac,1,fake,luvvoice,lv_0004,2.826,train
data/raw/fake/lv_0004_part_018.flac,1,fake,luvvoice,lv_0004,3.053,train
data/raw/fake/lv_0004_part_019.flac,1,fake,luvvoice,lv_0004,3.166,train
data/raw/fake/lv_0004_part_020.flac,1,fake,luvvoice,lv_0004,2.723,train
data/raw/fake/lv_0005_c_part_016.flac,1,fake,luvvoice,lv_0005,3.471,train
data/raw/fake/lv_0005_c_part_017.flac,1,fake,luvvoice,lv_0005,2.827,train
data/raw/fake/lv_0005_c_part_018.flac,1,fake,luvvoice,lv_0005,3.113,train
data/raw/fake/lv_0005_c_part_019.flac,1,fake,luvvoice,lv_0005,2.601,train
data/raw/fake/lv_0005_c_part_020.flac,1,fake,luvvoice,lv_0005,3.36,train
data/raw/fake/lv_0005_c_part_021.flac,1,fake,luvvoice,lv_0005,3.395,train
data/raw/fake/lv_0005_c_part_022.flac,1,fake,luvvoice,lv_0005,3.255,train
data/raw/fake/lv_0005_c_part_023.flac,1,fake,luvvoice,lv_0005,3.778,train
data/raw/fake/lv_0005_c_part_024.flac,1,fake,luvvoice,lv_0005,4.215,train
data/raw/fake/lv_0005_c_part_025.flac,1,fake,luvvoice,lv_0005,3.229,train
data/raw/fake/lv_0005_c_part_026.flac,1,fake,luvvoice,lv_0005,2.878,train
data/raw/fake/lv_0005_c_part_027.flac,1,fake,luvvoice,lv_0005,3.963,train
data/raw/fake/lv_0005_c_part_028.flac,1,fake,luvvoice,lv_0005,2.961,train
data/raw/fake/lv_0005_c_part_029.flac,1,fake,luvvoice,lv_0005,3.399,train
data/raw/fake/lv_0005_part_001.flac,1,fake,luvvoice,lv_0005,5.615,train
data/raw/fake/lv_0005_part_002.flac,1,fake,luvvoice,lv_0005,2.876,train
data/raw/fake/lv_0005_part_003.flac,1,fake,luvvoice,lv_0005,5.794,train
data/raw/fake/lv_0005_part_004.flac,1,fake,luvvoice,lv_0005,4.19,train
data/raw/fake/lv_0005_part_005.flac,1,fake,luvvoice,lv_0005,3.677,train
data/raw/fake/lv_0005_part_006.flac,1,fake,luvvoice,lv_0005,2.635,train
data/raw/fake/lv_0005_part_007.flac,1,fake,luvvoice,lv_0005,2.974,train
data/raw/fake/lv_0005_part_008.flac,1,fake,luvvoice,lv_0005,2.872,train
data/raw/fake/lv_0005_part_009.flac,1,fake,luvvoice,lv_0005,4.862,train
data/raw/fake/lv_0005_part_010.flac,1,fake,luvvoice,lv_0005,5.486,train
data/raw/fake/lv_0005_part_011.flac,1,fake,luvvoice,lv_0005,3.363,train
data/raw/fake/lv_0005_part_012.flac,1,fake,luvvoice,lv_0005,2.997,train
data/raw/fake/lv_0005_part_013.flac,1,fake,luvvoice,lv_0005,4.347,train
data/raw/fake/lv_0005_part_014.flac,1,fake,luvvoice,lv_0005,2.728,train
data/raw/fake/lv_0005_part_015.flac,1,fake,luvvoice,lv_0005,5.927,train
data/raw/fake/lv_0006_c_part_021.flac,1,fake,luvvoice,lv_0006,3.286,train
data/raw/fake/lv_0006_c_part_022.flac,1,fake,luvvoice,lv_0006,2.925,train
data/raw/fake/lv_0006_c_part_023.flac,1,fake,luvvoice,lv_0006,2.987,train
data/raw/fake/lv_0006_c_part_024.flac,1,fake,luvvoice,lv_0006,3.556,train
data/raw/fake/lv_0006_c_part_025.flac,1,fake,luvvoice,lv_0006,4.254,train
data/raw/fake/lv_0006_part_001.flac,1,fake,luvvoice,lv_0006,2.689,train
data/raw/fake/lv_0006_part_002.flac,1,fake,luvvoice,lv_0006,2.809,train
data/raw/fake/lv_0006_part_003.flac,1,fake,luvvoice,lv_0006,6.886,train
data/raw/fake/lv_0006_part_004.flac,1,fake,luvvoice,lv_0006,3.034,train
data/raw/fake/lv_0006_part_005.flac,1,fake,luvvoice,lv_0006,4.616,train
data/raw/fake/lv_0006_part_006.flac,1,fake,luvvoice,lv_0006,4.302,train
data/raw/fake/lv_0006_part_007.flac,1,fake,luvvoice,lv_0006,5.074,train
data/raw/fake/lv_0006_part_008.flac,1,fake,luvvoice,lv_0006,3.681,train
data/raw/fake/lv_0006_part_009.flac,1,fake,luvvoice,lv_0006,2.75,train
data/raw/fake/lv_0006_part_010.flac,1,fake,luvvoice,lv_0006,3.028,train
data/raw/fake/lv_0006_part_011.flac,1,fake,luvvoice,lv_0006,4.162,train
data/raw/fake/lv_0006_part_012.flac,1,fake,luvvoice,lv_0006,3.345,train
data/raw/fake/lv_0006_part_013.flac,1,fake,luvvoice,lv_0006,4.452,train
data/raw/fake/lv_0006_part_014.flac,1,fake,luvvoice,lv_0006,6.558,train
data/raw/fake/lv_0006_part_015.flac,1,fake,luvvoice,lv_0006,3.952,train
data/raw/fake/lv_0006_part_016.flac,1,fake,luvvoice,lv_0006,6.655,train
data/raw/fake/lv_0006_part_017.flac,1,fake,luvvoice,lv_0006,2.576,train
data/raw/fake/lv_0006_part_018.flac,1,fake,luvvoice,lv_0006,2.956,train
data/raw/fake/lv_0006_part_019.flac,1,fake,luvvoice,lv_0006,2.931,train
data/raw/fake/lv_0006_part_020.flac,1,fake,luvvoice,lv_0006,5.709,train
data/raw/fake/po_0001_c_part_001.flac,1,fake,polly,po_0001,3.052,test
data/raw/fake/po_0001_c_part_006.flac,1,fake,polly,po_0001,2.921,test
data/raw/fake/po_0001_part_001.flac,1,fake,polly,po_0001,2.674,test
data/raw/fake/po_0001_part_002.flac,1,fake,polly,po_0001,5.147,test
data/raw/fake/po_0001_part_003.flac,1,fake,polly,po_0001,2.767,test
data/raw/fake/po_0001_part_004.flac,1,fake,polly,po_0001,2.82,test
data/raw/fake/po_0001_part_005.flac,1,fake,polly,po_0001,3.351,test
data/raw/fake/po_0002_c_part_002.flac,1,fake,polly,po_0002,3.22,test
data/raw/fake/po_0002_c_part_008.flac,1,fake,polly,po_0002,3.953,test
data/raw/fake/po_0002_part_001.flac,1,fake,polly,po_0002,2.931,test
data/raw/fake/po_0002_part_002.flac,1,fake,polly,po_0002,3.048,test
data/raw/fake/po_0002_part_003.flac,1,fake,polly,po_0002,3.359,test
data/raw/fake/po_0002_part_004.flac,1,fake,polly,po_0002,2.697,test
data/raw/fake/po_0002_part_005.flac,1,fake,polly,po_0002,2.689,test
data/raw/fake/po_0002_part_006.flac,1,fake,polly,po_0002,2.888,test
data/raw/fake/po_0002_part_007.flac,1,fake,polly,po_0002,2.983,test
data/raw/fake/po_0003_c_part_001.flac,1,fake,polly,po_0003,3.781,calibration
data/raw/fake/po_0003_c_part_005.flac,1,fake,polly,po_0003,3.739,calibration
data/raw/fake/po_0003_c_part_006.flac,1,fake,polly,po_0003,4.684,calibration
data/raw/fake/po_0003_part_001.flac,1,fake,polly,po_0003,4.327,calibration
data/raw/fake/po_0003_part_002.flac,1,fake,polly,po_0003,3.289,calibration
data/raw/fake/po_0003_part_003.flac,1,fake,polly,po_0003,3.367,calibration
data/raw/fake/po_0003_part_004.flac,1,fake,polly,po_0003,2.951,calibration
data/raw/fake/po_0004_c_part_001.flac,1,fake,polly,po_0004,3.91,val
data/raw/fake/po_0004_c_part_008.flac,1,fake,polly,po_0004,3.699,val
data/raw/fake/po_0004_part_001.flac,1,fake,polly,po_0004,2.64,val
data/raw/fake/po_0004_part_002.flac,1,fake,polly,po_0004,2.79,val
data/raw/fake/po_0004_part_003.flac,1,fake,polly,po_0004,3.205,val
data/raw/fake/po_0004_part_004.flac,1,fake,polly,po_0004,2.728,val
data/raw/fake/po_0004_part_005.flac,1,fake,polly,po_0004,2.619,val
data/raw/fake/po_0004_part_006.flac,1,fake,polly,po_0004,2.917,val
data/raw/fake/po_0004_part_007.flac,1,fake,polly,po_0004,2.534,val
data/raw/fake/po_0005_c_part_004.flac,1,fake,polly,po_0005,3.007,train
data/raw/fake/po_0005_c_part_005.flac,1,fake,polly,po_0005,4.407,train
data/raw/fake/po_0005_c_part_006.flac,1,fake,polly,po_0005,3.375,train
data/raw/fake/po_0005_c_part_007.flac,1,fake,polly,po_0005,3.279,train
data/raw/fake/po_0005_c_part_008.flac,1,fake,polly,po_0005,3.432,train
data/raw/fake/po_0005_c_part_009.flac,1,fake,polly,po_0005,2.949,train
data/raw/fake/po_0005_c_part_010.flac,1,fake,polly,po_0005,3.988,train
data/raw/fake/po_0005_c_part_011.flac,1,fake,polly,po_0005,3.477,train
data/raw/fake/po_0005_part_001.flac,1,fake,polly,po_0005,6.304,train
data/raw/fake/po_0005_part_002.flac,1,fake,polly,po_0005,5.046,train
data/raw/fake/po_0005_part_003.flac,1,fake,polly,po_0005,2.505,train
data/raw/fake/po_0006_c_part_006.flac,1,fake,polly,po_0006,3.916,test
data/raw/fake/po_0006_part_001.flac,1,fake,polly,po_0006,4.326,test
data/raw/fake/po_0006_part_002.flac,1,fake,polly,po_0006,3.244,test
data/raw/fake/po_0006_part_003.flac,1,fake,polly,po_0006,3.18,test
data/raw/fake/po_0006_part_004.flac,1,fake,polly,po_0006,2.779,test
data/raw/fake/po_0006_part_005.flac,1,fake,polly,po_0006,2.534,test
data/raw/fake/po_0007_c_part_011.flac,1,fake,polly,po_0007,4.323,val
data/raw/fake/po_0007_c_part_012.flac,1,fake,polly,po_0007,2.526,val
data/raw/fake/po_0007_c_part_013.flac,1,fake,polly,po_0007,4.134,val
data/raw/fake/po_0007_c_part_014.flac,1,fake,polly,po_0007,2.836,val
data/raw/fake/po_0007_c_part_015.flac,1,fake,polly,po_0007,3.826,val
data/raw/fake/po_0007_c_part_016.flac,1,fake,polly,po_0007,4.259,val
data/raw/fake/po_0007_part_001.flac,1,fake,polly,po_0007,5.589,val
data/raw/fake/po_0007_part_002.flac,1,fake,polly,po_0007,4.247,val
data/raw/fake/po_0007_part_003.flac,1,fake,polly,po_0007,3.01,val
data/raw/fake/po_0007_part_004.flac,1,fake,polly,po_0007,2.665,val
data/raw/fake/po_0007_part_005.flac,1,fake,polly,po_0007,2.986,val
data/raw/fake/po_0007_part_006.flac,1,fake,polly,po_0007,4.27,val
data/raw/fake/po_0007_part_007.flac,1,fake,polly,po_0007,4.969,val
data/raw/fake/po_0007_part_008.flac,1,fake,polly,po_0007,2.793,val
data/raw/fake/po_0007_part_009.flac,1,fake,polly,po_0007,6.869,val
data/raw/fake/po_0007_part_010.flac,1,fake,polly,po_0007,3.855,val
data/raw/fake/po_0008_c_part_007.flac,1,fake,polly,po_0008,3.883,val
data/raw/fake/po_0008_c_part_008.flac,1,fake,polly,po_0008,4.593,val
data/raw/fake/po_0008_c_part_009.flac,1,fake,polly,po_0008,3.991,val
data/raw/fake/po_0008_c_part_010.flac,1,fake,polly,po_0008,3.25,val
data/raw/fake/po_0008_c_part_011.flac,1,fake,polly,po_0008,3.668,val
data/raw/fake/po_0008_c_part_012.flac,1,fake,polly,po_0008,4.62,val
data/raw/fake/po_0008_c_part_013.flac,1,fake,polly,po_0008,2.879,val
data/raw/fake/po_0008_c_part_014.flac,1,fake,polly,po_0008,3.634,val
data/raw/fake/po_0008_c_part_015.flac,1,fake,polly,po_0008,3.618,val
data/raw/fake/po_0008_part_001.flac,1,fake,polly,po_0008,2.725,val
data/raw/fake/po_0008_part_002.flac,1,fake,polly,po_0008,2.706,val
data/raw/fake/po_0008_part_003.flac,1,fake,polly,po_0008,2.65,val
data/raw/fake/po_0008_part_004.flac,1,fake,polly,po_0008,5.285,val
data/raw/fake/po_0008_part_005.flac,1,fake,polly,po_0008,4.008,val
data/raw/fake/po_0008_part_006.flac,1,fake,polly,po_0008,3.134,val
data/raw/fake/po_0009_c_part_004.flac,1,fake,polly,po_0009,4.312,test
data/raw/fake/po_0009_part_001.flac,1,fake,polly,po_0009,3.728,test
data/raw/fake/po_0009_part_002.flac,1,fake,polly,po_0009,3.956,test
data/raw/fake/po_0009_part_003.flac,1,fake,polly,po_0009,3.48,test
data/raw/fake/po_0010_c_part_004.flac,1,fake,polly,po_0010,3.354,calibration
data/raw/fake/po_0010_c_part_005.flac,1,fake,polly,po_0010,3.334,calibration
data/raw/fake/po_0010_c_part_006.flac,1,fake,polly,po_0010,3.181,calibration
data/raw/fake/po_0010_part_001.flac,1,fake,polly,po_0010,4.303,calibration
data/raw/fake/po_0010_part_002.flac,1,fake,polly,po_0010,3.083,calibration
data/raw/fake/po_0010_part_003.flac,1,fake,polly,po_0010,2.882,calibration
data/raw/fake/po_0012_part_001.flac,1,fake,polly,po_0012,2.508,calibration
data/raw/fake/po_0016_part_001.flac,1,fake,polly,po_0016,2.717,train
data/raw/fake/po_0017_part_001.flac,1,fake,polly,po_0017,4.974,train
data/raw/fake/po_0018_part_001.flac,1,fake,polly,po_0018,4.475,test
data/raw/fake/po_0019_part_001.flac,1,fake,polly,po_0019,8.28,val
data/raw/fake/po_0020_part_001.flac,1,fake,polly,po_0020,2.81,calibration
data/raw/fake/po_0020_part_002.flac,1,fake,polly,po_0020,5.449,calibration
data/raw/fake/po_0021_part_001.flac,1,fake,polly,po_0021,4.925,test
data/raw/fake/po_0022_part_001.flac,1,fake,polly,po_0022,5.029,val
data/raw/fake/po_0023_part_001.flac,1,fake,polly,po_0023,4.984,calibration
data/raw/fake/po_0024_part_001.flac,1,fake,polly,po_0024,4.523,calibration
data/raw/fake/po_0025_c_part_006.flac,1,fake,polly,po_0025,3.075,train
data/raw/fake/po_0025_c_part_007.flac,1,fake,polly,po_0025,4.817,train
data/raw/fake/po_0025_part_001.flac,1,fake,polly,po_0025,2.772,train
data/raw/fake/po_0025_part_002.flac,1,fake,polly,po_0025,2.82,train
data/raw/fake/po_0025_part_003.flac,1,fake,polly,po_0025,3.955,train
data/raw/fake/po_0025_part_004.flac,1,fake,polly,po_0025,3.297,train
data/raw/fake/po_0025_part_005.flac,1,fake,polly,po_0025,3.81,train
data/raw/fake/po_0026_c_part_007.flac,1,fake,polly,po_0026,3.422,calibration
data/raw/fake/po_0026_c_part_008.flac,1,fake,polly,po_0026,3.115,calibration
data/raw/fake/po_0026_part_001.flac,1,fake,polly,po_0026,3.03,calibration
data/raw/fake/po_0026_part_002.flac,1,fake,polly,po_0026,2.595,calibration
data/raw/fake/po_0026_part_003.flac,1,fake,polly,po_0026,2.649,calibration
data/raw/fake/po_0026_part_004.flac,1,fake,polly,po_0026,4.089,calibration
data/raw/fake/po_0026_part_005.flac,1,fake,polly,po_0026,3.288,calibration
data/raw/fake/po_0026_part_006.flac,1,fake,polly,po_0026,3.926,calibration
data/raw/fake/po_0027_c_part_007.flac,1,fake,polly,po_0027,3.233,val
data/raw/fake/po_0027_c_part_008.flac,1,fake,polly,po_0027,3.386,val
data/raw/fake/po_0027_part_001.flac,1,fake,polly,po_0027,2.894,val
data/raw/fake/po_0027_part_002.flac,1,fake,polly,po_0027,2.81,val
data/raw/fake/po_0027_part_003.flac,1,fake,polly,po_0027,2.732,val
data/raw/fake/po_0027_part_004.flac,1,fake,polly,po_0027,4.415,val
data/raw/fake/po_0027_part_005.flac,1,fake,polly,po_0027,3.527,val
data/raw/fake/po_0027_part_006.flac,1,fake,polly,po_0027,4.232,val
data/raw/fake/po_0028_c_part_006.flac,1,fake,polly,po_0028,3.886,val
data/raw/fake/po_0028_part_001.flac,1,fake,polly,po_0028,5.389,val
data/raw/fake/po_0028_part_002.flac,1,fake,polly,po_0028,3.921,val
data/raw/fake/po_0028_part_003.flac,1,fake,polly,po_0028,3.873,val
data/raw/fake/po_0028_part_004.flac,1,fake,polly,po_0028,2.874,val
data/raw/fake/po_0028_part_005.flac,1,fake,polly,po_0028,3.577,val
data/raw/fake/po_0029_c_part_009.flac,1,fake,polly,po_0029,3.945,train
data/raw/fake/po_0029_c_part_010.flac,1,fake,polly,po_0029,4.555,train
data/raw/fake/po_0029_c_part_011.flac,1,fake,polly,po_0029,3.491,train
data/raw/fake/po_0029_c_part_012.flac,1,fake,polly,po_0029,3.192,train
data/raw/fake/po_0029_part_001.flac,1,fake,polly,po_0029,3.225,train
data/raw/fake/po_0029_part_002.flac,1,fake,polly,po_0029,4.575,train
data/raw/fake/po_0029_part_003.flac,1,fake,polly,po_0029,3.519,train
data/raw/fake/po_0029_part_004.flac,1,fake,polly,po_0029,5.126,train
data/raw/fake/po_0029_part_005.flac,1,fake,polly,po_0029,3.374,train
data/raw/fake/po_0029_part_006.flac,1,fake,polly,po_0029,4.316,train
data/raw/fake/po_0029_part_007.flac,1,fake,polly,po_0029,4.61,train
data/raw/fake/po_0029_part_008.flac,1,fake,polly,po_0029,2.529,train
data/raw/fake/po_0030_c_part_010.flac,1,fake,polly,po_0030,4.261,train
data/raw/fake/po_0030_c_part_011.flac,1,fake,polly,po_0030,4.055,train
data/raw/fake/po_0030_c_part_012.flac,1,fake,polly,po_0030,3.243,train
data/raw/fake/po_0030_c_part_013.flac,1,fake,polly,po_0030,3.292,train
data/raw/fake/po_0030_part_001.flac,1,fake,polly,po_0030,2.683,train
data/raw/fake/po_0030_part_002.flac,1,fake,polly,po_0030,3.142,train
data/raw/fake/po_0030_part_003.flac,1,fake,polly,po_0030,4.567,train
data/raw/fake/po_0030_part_004.flac,1,fake,polly,po_0030,3.528,train
data/raw/fake/po_0030_part_005.flac,1,fake,polly,po_0030,5.273,train
data/raw/fake/po_0030_part_006.flac,1,fake,polly,po_0030,3.414,train
data/raw/fake/po_0030_part_007.flac,1,fake,polly,po_0030,4.382,train
data/raw/fake/po_0030_part_008.flac,1,fake,polly,po_0030,4.641,train
data/raw/fake/po_0030_part_009.flac,1,fake,polly,po_0030,2.61,train
data/raw/fake/po_0031_c_part_009.flac,1,fake,polly,po_0031,4.005,test
data/raw/fake/po_0031_c_part_010.flac,1,fake,polly,po_0031,2.82,test
data/raw/fake/po_0031_c_part_011.flac,1,fake,polly,po_0031,3.807,test
data/raw/fake/po_0031_c_part_012.flac,1,fake,polly,po_0031,4.327,test
data/raw/fake/po_0031_part_001.flac,1,fake,polly,po_0031,5.235,test
data/raw/fake/po_0031_part_002.flac,1,fake,polly,po_0031,3.423,test
data/raw/fake/po_0031_part_003.flac,1,fake,polly,po_0031,3.822,test
data/raw/fake/po_0031_part_004.flac,1,fake,polly,po_0031,2.873,test
data/raw/fake/po_0031_part_005.flac,1,fake,polly,po_0031,4.088,test
data/raw/fake/po_0031_part_006.flac,1,fake,polly,po_0031,3.411,test
data/raw/fake/po_0031_part_007.flac,1,fake,polly,po_0031,4.879,test
data/raw/fake/po_0031_part_008.flac,1,fake,polly,po_0031,3.766,test
data/raw/fake/po_0032_c_part_010.flac,1,fake,polly,po_0032,4.332,test
data/raw/fake/po_0032_c_part_011.flac,1,fake,polly,po_0032,3.344,test
data/raw/fake/po_0032_c_part_012.flac,1,fake,polly,po_0032,2.92,test
data/raw/fake/po_0032_c_part_013.flac,1,fake,polly,po_0032,3.603,test
data/raw/fake/po_0032_part_001.flac,1,fake,polly,po_0032,2.614,test
data/raw/fake/po_0032_part_002.flac,1,fake,polly,po_0032,5.491,test
data/raw/fake/po_0032_part_003.flac,1,fake,polly,po_0032,3.405,test
data/raw/fake/po_0032_part_004.flac,1,fake,polly,po_0032,2.631,test
data/raw/fake/po_0032_part_005.flac,1,fake,polly,po_0032,3.726,test
data/raw/fake/po_0032_part_006.flac,1,fake,polly,po_0032,3.035,test
data/raw/fake/po_0032_part_007.flac,1,fake,polly,po_0032,4.093,test
data/raw/fake/po_0032_part_008.flac,1,fake,polly,po_0032,3.436,test
data/raw/fake/po_0032_part_009.flac,1,fake,polly,po_0032,5.513,test
data/raw/fake/po_0033_c_part_008.flac,1,fake,polly,po_0033,3.809,test
data/raw/fake/po_0033_c_part_009.flac,1,fake,polly,po_0033,4.026,test
data/raw/fake/po_0033_c_part_010.flac,1,fake,polly,po_0033,2.974,test
data/raw/fake/po_0033_c_part_011.flac,1,fake,polly,po_0033,4.312,test
data/raw/fake/po_0033_part_001.flac,1,fake,polly,po_0033,4.622,test
data/raw/fake/po_0033_part_002.flac,1,fake,polly,po_0033,3.124,test
data/raw/fake/po_0033_part_003.flac,1,fake,polly,po_0033,3.276,test
data/raw/fake/po_0033_part_004.flac,1,fake,polly,po_0033,6.306,test
data/raw/fake/po_0033_part_005.flac,1,fake,polly,po_0033,3.207,test
data/raw/fake/po_0033_part_006.flac,1,fake,polly,po_0033,4.57,test
data/raw/fake/po_0033_part_007.flac,1,fake,polly,po_0033,3.345,test
data/raw/fake/po_0034_c_part_012.flac,1,fake,polly,po_0034,2.982,train
data/raw/fake/po_0034_c_part_013.flac,1,fake,polly,po_0034,4.186,train
data/raw/fake/po_0034_c_part_014.flac,1,fake,polly,po_0034,2.787,train
data/raw/fake/po_0034_c_part_015.flac,1,fake,polly,po_0034,3.435,train
data/raw/fake/po_0034_c_part_016.flac,1,fake,polly,po_0034,2.893,train
data/raw/fake/po_0034_c_part_017.flac,1,fake,polly,po_0034,3.194,train
data/raw/fake/po_0034_c_part_018.flac,1,fake,polly,po_0034,2.996,train
data/raw/fake/po_0034_part_001.flac,1,fake,polly,po_0034,2.735,train
data/raw/fake/po_0034_part_002.flac,1,fake,polly,po_0034,6.068,train
data/raw/fake/po_0034_part_003.flac,1,fake,polly,po_0034,4.069,train
data/raw/fake/po_0034_part_004.flac,1,fake,polly,po_0034,2.536,train
data/raw/fake/po_0034_part_005.flac,1,fake,polly,po_0034,3.802,train
data/raw/fake/po_0034_part_006.flac,1,fake,polly,po_0034,3.33,train
data/raw/fake/po_0034_part_007.flac,1,fake,polly,po_0034,4.792,train
data/raw/fake/po_0034_part_008.flac,1,fake,polly,po_0034,2.736,train
data/raw/fake/po_0034_part_009.flac,1,fake,polly,po_0034,3.385,train
data/raw/fake/po_0034_part_010.flac,1,fake,polly,po_0034,3.377,train
data/raw/fake/po_0034_part_011.flac,1,fake,polly,po_0034,2.711,train
data/raw/fake/sp_0001_c_part_006.flac,1,fake,speechify,sp_0001,2.921,train
data/raw/fake/sp_0001_c_part_018.flac,1,fake,speechify,sp_0001,2.919,train
data/raw/fake/sp_0001_c_part_019.flac,1,fake,speechify,sp_0001,3.145,train
data/raw/fake/sp_0001_c_part_020.flac,1,fake,speechify,sp_0001,4.337,train
data/raw/fake/sp_0001_c_part_021.flac,1,fake,speechify,sp_0001,3.779,train
data/raw/fake/sp_0001_c_part_022.flac,1,fake,speechify,sp_0001,2.703,train
data/raw/fake/sp_0001_c_part_023.flac,1,fake,speechify,sp_0001,4.139,train
data/raw/fake/sp_0001_c_part_024.flac,1,fake,speechify,sp_0001,3.021,train
data/raw/fake/sp_0001_c_part_025.flac,1,fake,speechify,sp_0001,4.297,train
data/raw/fake/sp_0001_c_part_026.flac,1,fake,speechify,sp_0001,2.848,train
data/raw/fake/sp_0001_part_001.flac,1,fake,speechify,sp_0001,2.674,train
data/raw/fake/sp_0001_part_002.flac,1,fake,speechify,sp_0001,5.147,train
data/raw/fake/sp_0001_part_003.flac,1,fake,speechify,sp_0001,2.767,train
data/raw/fake/sp_0001_part_004.flac,1,fake,speechify,sp_0001,2.82,train
data/raw/fake/sp_0001_part_005.flac,1,fake,speechify,sp_0001,3.351,train
data/raw/fake/sp_0001_part_006.flac,1,fake,speechify,sp_0001,4.398,train
data/raw/fake/sp_0001_part_007.flac,1,fake,speechify,sp_0001,2.71,train
data/raw/fake/sp_0001_part_008.flac,1,fake,speechify,sp_0001,5.497,train
data/raw/fake/sp_0001_part_009.flac,1,fake,speechify,sp_0001,2.72,train
data/raw/fake/sp_0001_part_010.flac,1,fake,speechify,sp_0001,4.798,train
data/raw/fake/sp_0001_part_011.flac,1,fake,speechify,sp_0001,5.312,train
data/raw/fake/sp_0001_part_012.flac,1,fake,speechify,sp_0001,3.341,train
data/raw/fake/sp_0001_part_013.flac,1,fake,speechify,sp_0001,3.224,train
data/raw/fake/sp_0001_part_014.flac,1,fake,speechify,sp_0001,4.681,train
data/raw/fake/sp_0001_part_015.flac,1,fake,speechify,sp_0001,4.504,train
data/raw/fake/sp_0001_part_016.flac,1,fake,speechify,sp_0001,2.858,train
data/raw/fake/sp_0001_part_017.flac,1,fake,speechify,sp_0001,5.861,train
data/raw/fake/sp_0002_c_part_008.flac,1,fake,speechify,sp_0002,3.953,train
data/raw/fake/sp_0002_c_part_010.flac,1,fake,speechify,sp_0002,2.73,train
data/raw/fake/sp_0002_c_part_011.flac,1,fake,speechify,sp_0002,3.888,train
data/raw/fake/sp_0002_c_part_012.flac,1,fake,speechify,sp_0002,4.09,train
data/raw/fake/sp_0002_c_part_013.flac,1,fake,speechify,sp_0002,3.788,train
data/raw/fake/sp_0002_c_part_014.flac,1,fake,speechify,sp_0002,4.327,train
data/raw/fake/sp_0002_c_part_015.flac,1,fake,speechify,sp_0002,4.059,train
data/raw/fake/sp_0002_c_part_016.flac,1,fake,speechify,sp_0002,3.227,train
data/raw/fake/sp_0002_c_part_017.flac,1,fake,speechify,sp_0002,4.085,train
data/raw/fake/sp_0002_c_part_018.flac,1,fake,speechify,sp_0002,3.499,train
data/raw/fake/sp_0002_c_part_019.flac,1,fake,speechify,sp_0002,3.862,train
data/raw/fake/sp_0002_c_part_020.flac,1,fake,speechify,sp_0002,3.215,train
data/raw/fake/sp_0002_c_part_021.flac,1,fake,speechify,sp_0002,3.672,train
data/raw/fake/sp_0002_c_part_022.flac,1,fake,speechify,sp_0002,3.459,train
data/raw/fake/sp_0002_c_part_023.flac,1,fake,speechify,sp_0002,3.692,train
data/raw/fake/sp_0002_c_part_024.flac,1,fake,speechify,sp_0002,2.868,train
data/raw/fake/sp_0002_part_001.flac,1,fake,speechify,sp_0002,2.931,train
data/raw/fake/sp_0002_part_002.flac,1,fake,speechify,sp_0002,3.048,train
data/raw/fake/sp_0002_part_003.flac,1,fake,speechify,sp_0002,3.359,train
data/raw/fake/sp_0002_part_004.flac,1,fake,speechify,sp_0002,2.697,train
data/raw/fake/sp_0002_part_005.flac,1,fake,speechify,sp_0002,2.689,train
data/raw/fake/sp_0002_part_006.flac,1,fake,speechify,sp_0002,2.888,train
data/raw/fake/sp_0002_part_007.flac,1,fake,speechify,sp_0002,2.983,train
data/raw/fake/sp_0002_part_008.flac,1,fake,speechify,sp_0002,2.891,train
data/raw/fake/sp_0002_part_009.flac,1,fake,speechify,sp_0002,3.193,train
data/raw/fake/sp_0003_c_part_005.flac,1,fake,speechify,sp_0003,3.739,train
data/raw/fake/sp_0003_c_part_006.flac,1,fake,speechify,sp_0003,4.684,train
data/raw/fake/sp_0003_c_part_013.flac,1,fake,speechify,sp_0003,3.825,train
data/raw/fake/sp_0003_c_part_014.flac,1,fake,speechify,sp_0003,3.268,train
data/raw/fake/sp_0003_c_part_015.flac,1,fake,speechify,sp_0003,3.888,train
data/raw/fake/sp_0003_c_part_016.flac,1,fake,speechify,sp_0003,2.814,train
data/raw/fake/sp_0003_c_part_017.flac,1,fake,speechify,sp_0003,2.769,train
data/raw/fake/sp_0003_c_part_018.flac,1,fake,speechify,sp_0003,3.607,train
data/raw/fake/sp_0003_c_part_019.flac,1,fake,speechify,sp_0003,3.682,train
data/raw/fake/sp_0003_c_part_020.flac,1,fake,speechify,sp_0003,3.731,train
data/raw/fake/sp_0003_c_part_021.flac,1,fake,speechify,sp_0003,3.995,train
data/raw/fake/sp_0003_c_part_022.flac,1,fake,speechify,sp_0003,2.765,train
data/raw/fake/sp_0003_c_part_023.flac,1,fake,speechify,sp_0003,2.918,train
data/raw/fake/sp_0003_part_001.flac,1,fake,speechify,sp_0003,4.327,train
data/raw/fake/sp_0003_part_002.flac,1,fake,speechify,sp_0003,3.289,train
data/raw/fake/sp_0003_part_003.flac,1,fake,speechify,sp_0003,3.367,train
data/raw/fake/sp_0003_part_004.flac,1,fake,speechify,sp_0003,2.951,train
data/raw/fake/sp_0003_part_005.flac,1,fake,speechify,sp_0003,2.587,train
data/raw/fake/sp_0003_part_006.flac,1,fake,speechify,sp_0003,4.408,train
data/raw/fake/sp_0003_part_007.flac,1,fake,speechify,sp_0003,4.912,train
data/raw/fake/sp_0003_part_008.flac,1,fake,speechify,sp_0003,5.173,train
data/raw/fake/sp_0003_part_009.flac,1,fake,speechify,sp_0003,3.308,train
data/raw/fake/sp_0003_part_010.flac,1,fake,speechify,sp_0003,3.731,train
data/raw/fake/sp_0003_part_011.flac,1,fake,speechify,sp_0003,2.717,train
data/raw/fake/sp_0003_part_012.flac,1,fake,speechify,sp_0003,4.316,train
data/raw/fake/sp_0004_c_part_008.flac,1,fake,speechify,sp_0004,3.699,train
data/raw/fake/sp_0004_c_part_021.flac,1,fake,speechify,sp_0004,3.481,train
data/raw/fake/sp_0004_c_part_022.flac,1,fake,speechify,sp_0004,3.332,train
data/raw/fake/sp_0004_c_part_023.flac,1,fake,speechify,sp_0004,2.96,train
data/raw/fake/sp_0004_c_part_024.flac,1,fake,speechify,sp_0004,3.42,train
data/raw/fake/sp_0004_c_part_025.flac,1,fake,speechify,sp_0004,3.347,train
data/raw/fake/sp_0004_c_part_026.flac,1,fake,speechify,sp_0004,3.485,train
data/raw/fake/sp_0004_c_part_027.flac,1,fake,speechify,sp_0004,4.031,train
data/raw/fake/sp_0004_c_part_028.flac,1,fake,speechify,sp_0004,2.979,train
data/raw/fake/sp_0004_c_part_029.flac,1,fake,speechify,sp_0004,4.222,train
data/raw/fake/sp_0004_part_001.flac,1,fake,speechify,sp_0004,2.64,train
data/raw/fake/sp_0004_part_002.flac,1,fake,speechify,sp_0004,2.79,train
data/raw/fake/sp_0004_part_003.flac,1,fake,speechify,sp_0004,3.205,train
data/raw/fake/sp_0004_part_004.flac,1,fake,speechify,sp_0004,2.728,train
data/raw/fake/sp_0004_part_005.flac,1,fake,speechify,sp_0004,2.619,train
data/raw/fake/sp_0004_part_006.flac,1,fake,speechify,sp_0004,2.917,train
data/raw/fake/sp_0004_part_007.flac,1,fake,speechify,sp_0004,2.534,train
data/raw/fake/sp_0004_part_008.flac,1,fake,speechify,sp_0004,4.801,train
data/raw/fake/sp_0004_part_009.flac,1,fake,speechify,sp_0004,4.179,train
data/raw/fake/sp_0004_part_010.flac,1,fake,speechify,sp_0004,2.83,train
data/raw/fake/sp_0004_part_011.flac,1,fake,speechify,sp_0004,3.082,train
data/raw/fake/sp_0004_part_012.flac,1,fake,speechify,sp_0004,3.093,train
data/raw/fake/sp_0004_part_013.flac,1,fake,speechify,sp_0004,3.676,train
data/raw/fake/sp_0004_part_014.flac,1,fake,speechify,sp_0004,5.139,train
data/raw/fake/sp_0004_part_015.flac,1,fake,speechify,sp_0004,5.735,train
data/raw/fake/sp_0004_part_016.flac,1,fake,speechify,sp_0004,7.224,train
data/raw/fake/sp_0004_part_017.flac,1,fake,speechify,sp_0004,2.826,train
data/raw/fake/sp_0004_part_018.flac,1,fake,speechify,sp_0004,3.053,train
data/raw/fake/sp_0004_part_019.flac,1,fake,speechify,sp_0004,3.166,train
data/raw/fake/sp_0004_part_020.flac,1,fake,speechify,sp_0004,2.723,train
data/raw/fake/sp_0005_c_part_004.flac,1,fake,speechify,sp_0005,3.007,train
data/raw/fake/sp_0005_c_part_005.flac,1,fake,speechify,sp_0005,4.407,train
data/raw/fake/sp_0005_c_part_006.flac,1,fake,speechify,sp_0005,3.375,train
data/raw/fake/sp_0005_c_part_007.flac,1,fake,speechify,sp_0005,3.279,train
data/raw/fake/sp_0005_c_part_008.flac,1,fake,speechify,sp_0005,3.432,train
data/raw/fake/sp_0005_c_part_009.flac,1,fake,speechify,sp_0005,2.949,train
data/raw/fake/sp_0005_c_part_010.flac,1,fake,speechify,sp_0005,3.988,train
data/raw/fake/sp_0005_c_part_011.flac,1,fake,speechify,sp_0005,3.477,train
data/raw/fake/sp_0005_c_part_016.flac,1,fake,speechify,sp_0005,3.471,train
data/raw/fake/sp_0005_c_part_017.flac,1,fake,speechify,sp_0005,2.827,train
data/raw/fake/sp_0005_c_part_018.flac,1,fake,speechify,sp_0005,3.113,train
data/raw/fake/sp_0005_c_part_019.flac,1,fake,speechify,sp_0005,2.601,train
data/raw/fake/sp_0005_c_part_020.flac,1,fake,speechify,sp_0005,3.36,train
data/raw/fake/sp_0005_c_part_021.flac,1,fake,speechify,sp_0005,3.395,train
data/raw/fake/sp_0005_c_part_022.flac,1,fake,speechify,sp_0005,3.255,train
data/raw/fake/sp_0005_c_part_023.flac,1,fake,speechify,sp_0005,3.778,train
data/raw/fake/sp_0005_c_part_024.flac,1,fake,speechify,sp_0005,4.215,train
data/raw/fake/sp_0005_c_part_025.flac,1,fake,speechify,sp_0005,3.229,train
data/raw/fake/sp_0005_c_part_026.flac,1,fake,speechify,sp_0005,2.878,train
data/raw/fake/sp_0005_c_part_027.flac,1,fake,speechify,sp_0005,3.963,train
data/raw/fake/sp_0005_c_part_028.flac,1,fake,speechify,sp_0005,2.961,train
data/raw/fake/sp_0005_c_part_029.flac,1,fake,speechify,sp_0005,3.399,train
data/raw/fake/sp_0005_part_001.flac,1,fake,speechify,sp_0005,6.304,train
data/raw/fake/sp_0005_part_002.flac,1,fake,speechify,sp_0005,5.046,train
data/raw/fake/sp_0005_part_003.flac,1,fake,speechify,sp_0005,2.505,train
data/raw/fake/sp_0005_part_004.flac,1,fake,speechify,sp_0005,4.19,train
data/raw/fake/sp_0005_part_005.flac,1,fake,speechify,sp_0005,3.677,train
data/raw/fake/sp_0005_part_006.flac,1,fake,speechify,sp_0005,2.635,train
data/raw/fake/sp_0005_part_007.flac,1,fake,speechify,sp_0005,2.974,train
data/raw/fake/sp_0005_part_008.flac,1,fake,speechify,sp_0005,2.872,train
data/raw/fake/sp_0005_part_009.flac,1,fake,speechify,sp_0005,4.862,train
data/raw/fake/sp_0005_part_010.flac,1,fake,speechify,sp_0005,5.486,train
data/raw/fake/sp_0005_part_011.flac,1,fake,speechify,sp_0005,3.363,train
data/raw/fake/sp_0005_part_012.flac,1,fake,speechify,sp_0005,2.997,train
data/raw/fake/sp_0005_part_013.flac,1,fake,speechify,sp_0005,4.347,train
data/raw/fake/sp_0005_part_014.flac,1,fake,speechify,sp_0005,2.728,train
data/raw/fake/sp_0005_part_015.flac,1,fake,speechify,sp_0005,5.927,train
data/raw/fake/sp_0006_c_part_006.flac,1,fake,speechify,sp_0006,3.916,train
data/raw/fake/sp_0006_c_part_021.flac,1,fake,speechify,sp_0006,3.286,train
data/raw/fake/sp_0006_c_part_022.flac,1,fake,speechify,sp_0006,2.925,train
data/raw/fake/sp_0006_c_part_023.flac,1,fake,speechify,sp_0006,2.987,train
data/raw/fake/sp_0006_c_part_024.flac,1,fake,speechify,sp_0006,3.556,train
data/raw/fake/sp_0006_c_part_025.flac,1,fake,speechify,sp_0006,4.254,train
data/raw/fake/sp_0006_part_001.flac,1,fake,speechify,sp_0006,4.326,train
data/raw/fake/sp_0006_part_002.flac,1,fake,speechify,sp_0006,3.244,train
data/raw/fake/sp_0006_part_003.flac,1,fake,speechify,sp_0006,3.18,train
data/raw/fake/sp_0006_part_004.flac,1,fake,speechify,sp_0006,2.779,train
data/raw/fake/sp_0006_part_005.flac,1,fake,speechify,sp_0006,2.534,train
data/raw/fake/sp_0006_part_006.flac,1,fake,speechify,sp_0006,4.302,train
data/raw/fake/sp_0006_part_007.flac,1,fake,speechify,sp_0006,5.074,train
data/raw/fake/sp_0006_part_008.flac,1,fake,speechify,sp_0006,3.681,train
data/raw/fake/sp_0006_part_009.flac,1,fake,speechify,sp_0006,2.75,train
data/raw/fake/sp_0006_part_010.flac,1,fake,speechify,sp_0006,3.028,train
data/raw/fake/sp_0006_part_011.flac,1,fake,speechify,sp_0006,4.162,train
data/raw/fake/sp_0006_part_012.flac,1,fake,speechify,sp_0006,3.345,train
data/raw/fake/sp_0006_part_013.flac,1,fake,speechify,sp_0006,4.452,train
data/raw/fake/sp_0006_part_014.flac,1,fake,speechify,sp_0006,6.558,train
data/raw/fake/sp_0006_part_015.flac,1,fake,speechify,sp_0006,3.952,train
data/raw/fake/sp_0006_part_016.flac,1,fake,speechify,sp_0006,6.655,train
data/raw/fake/sp_0006_part_017.flac,1,fake,speechify,sp_0006,2.576,train
data/raw/fake/sp_0006_part_018.flac,1,fake,speechify,sp_0006,2.956,train
data/raw/fake/sp_0006_part_019.flac,1,fake,speechify,sp_0006,2.931,train
data/raw/fake/sp_0006_part_020.flac,1,fake,speechify,sp_0006,5.709,train
data/raw/fake/sp_0007_c_part_011.flac,1,fake,speechify,sp_0007,4.323,train
data/raw/fake/sp_0007_c_part_012.flac,1,fake,speechify,sp_0007,2.526,train
data/raw/fake/sp_0007_c_part_013.flac,1,fake,speechify,sp_0007,4.134,train
data/raw/fake/sp_0007_c_part_014.flac,1,fake,speechify,sp_0007,2.836,train
data/raw/fake/sp_0007_c_part_015.flac,1,fake,speechify,sp_0007,3.826,train
data/raw/fake/sp_0007_c_part_016.flac,1,fake,speechify,sp_0007,4.259,train
data/raw/fake/sp_0007_part_001.flac,1,fake,speechify,sp_0007,5.589,train
data/raw/fake/sp_0007_part_002.flac,1,fake,speechify,sp_0007,4.247,train
data/raw/fake/sp_0007_part_003.flac,1,fake,speechify,sp_0007,3.01,train
data/raw/fake/sp_0007_part_004.flac,1,fake,speechify,sp_0007,2.665,train
data/raw/fake/sp_0007_part_005.flac,1,fake,speechify,sp_0007,2.986,train
data/raw/fake/sp_0007_part_006.flac,1,fake,speechify,sp_0007,4.27,train
data/raw/fake/sp_0007_part_007.flac,1,fake,speechify,sp_0007,4.969,train
data/raw/fake/sp_0007_part_008.flac,1,fake,speechify,sp_0007,2.793,train
data/raw/fake/sp_0007_part_009.flac,1,fake,speechify,sp_0007,6.869,train
data/raw/fake/sp_0007_part_010.flac,1,fake,speechify,sp_0007,3.855,train
data/raw/fake/sp_0008_c_part_007.flac,1,fake,speechify,sp_0008,3.883,val
data/raw/fake/sp_0008_c_part_008.flac,1,fake,speechify,sp_0008,4.593,val
data/raw/fake/sp_0008_c_part_009.flac,1,fake,speechify,sp_0008,3.991,val
data/raw/fake/sp_0008_c_part_010.flac,1,fake,speechify,sp_0008,3.25,val
data/raw/fake/sp_0008_c_part_011.flac,1,fake,speechify,sp_0008,3.668,val
data/raw/fake/sp_0008_c_part_012.flac,1,fake,speechify,sp_0008,4.62,val
data/raw/fake/sp_0008_c_part_013.flac,1,fake,speechify,sp_0008,2.879,val
data/raw/fake/sp_0008_c_part_014.flac,1,fake,speechify,sp_0008,3.634,val
data/raw/fake/sp_0008_c_part_015.flac,1,fake,speechify,sp_0008,3.618,val
data/raw/fake/sp_0008_part_001.flac,1,fake,speechify,sp_0008,2.725,val
data/raw/fake/sp_0008_part_002.flac,1,fake,speechify,sp_0008,2.706,val
data/raw/fake/sp_0008_part_003.flac,1,fake,speechify,sp_0008,2.65,val
data/raw/fake/sp_0008_part_004.flac,1,fake,speechify,sp_0008,5.285,val
data/raw/fake/sp_0008_part_005.flac,1,fake,speechify,sp_0008,4.008,val
data/raw/fake/sp_0008_part_006.flac,1,fake,speechify,sp_0008,3.134,val
data/raw/fake/sp_0009_c_part_004.flac,1,fake,speechify,sp_0009,4.312,test
data/raw/fake/sp_0009_part_001.flac,1,fake,speechify,sp_0009,3.728,test
data/raw/fake/sp_0009_part_002.flac,1,fake,speechify,sp_0009,3.956,test
data/raw/fake/sp_0009_part_003.flac,1,fake,speechify,sp_0009,3.48,test
data/raw/fake/sp_0010_c_part_004.flac,1,fake,speechify,sp_0010,3.354,train
data/raw/fake/sp_0010_c_part_005.flac,1,fake,speechify,sp_0010,3.334,train
data/raw/fake/sp_0010_c_part_006.flac,1,fake,speechify,sp_0010,3.181,train
data/raw/fake/sp_0010_part_001.flac,1,fake,speechify,sp_0010,4.303,train
data/raw/fake/sp_0010_part_002.flac,1,fake,speechify,sp_0010,3.083,train
data/raw/fake/sp_0010_part_003.flac,1,fake,speechify,sp_0010,2.882,train
